id,email,gender,Value,Credit_card,Fintech
1,cwestpfel0@aboutads.info,Male,$927.99,mastercard,"IES Holdings, Inc."
2,ahurle1@artisteer.com,Bigender,$305.92,mastercard,ASML Holding N.V.
3,ibodiam2@goodreads.com,Female,$175.40,mastercard,NovoCure Limited
4,hantoniazzi3@1und1.de,Female,$305.80,mastercard,Lindblad Expeditions Holdings Inc. 
5,wrives4@hatena.ne.jp,Male,$40.58,mastercard,"Blackrock MuniHoldings New York Quality Fund, Inc."
6,pnovill5@technorati.com,Female,$257.76,mastercard,Quorum Health Corporation
7,obevens6@arstechnica.com,Female,$13.90,mastercard,DRDGOLD Limited
8,cdaft7@pbs.org,Female,$195.92,mastercard,500.com Limited
9,asisnett8@princeton.edu,Male,$572.06,mastercard,"Transcat, Inc."
10,ghodinton9@chicagotribune.com,Male,$490.84,mastercard,Universal Health Realty Income Trust
11,asillitoa@guardian.co.uk,Female,$234.86,mastercard,"CYS Investments, Inc."
12,rmillsonb@shinystat.com,Male,$226.28,mastercard,Fortress Investment Group LLC
13,rlindroc@google.co.jp,Female,$532.59,mastercard,"PayPal Holdings, Inc."
14,mricharsond@examiner.com,Male,$546.73,mastercard,Cheetah Mobile Inc.
15,twarlowee@illinois.edu,Female,$211.62,mastercard,SodaStream International Ltd.
16,mgradwellf@twitpic.com,Agender,$827.78,mastercard,VTTI Energy Partners LP
17,ckarolyg@ocn.ne.jp,Male,$917.17,mastercard,"G-III Apparel Group, LTD."
18,lburwinh@geocities.jp,Female,$847.22,mastercard,Long Island Iced Tea Corp.
19,cpetronisi@theguardian.com,Female,$571.16,mastercard,United States Cellular Corporation
20,rohaganj@wordpress.com,Male,$207.40,mastercard,Ship Finance International Limited
21,jgilsthorpek@ustream.tv,Male,$357.37,mastercard,iPath US Treasury 10-year Bear ETN
22,ephillipsonl@nsw.gov.au,Female,$761.92,mastercard,"Verifone Systems, Inc."
23,cswinglehurstm@sohu.com,Male,$107.25,mastercard,Gol Linhas Aereas Inteligentes S.A.
24,etyzackn@wikispaces.com,Male,$682.82,mastercard,"Bay Bancorp, Inc."
25,kkeyso@bigcartel.com,Female,$664.90,mastercard,First Financial Bancorp.
26,cworrallp@themeforest.net,Male,$414.48,mastercard,"Mirna Therapeutics, Inc."
27,lbuesdenq@squarespace.com,Female,$197.00,mastercard,IHS Markit Ltd.
28,llonsdaler@guardian.co.uk,Male,$78.44,mastercard,"MBIA, Inc."
29,ksislands@technorati.com,Male,$497.65,mastercard,Resolute Forest Products Inc.
30,gmarret@google.ca,Genderfluid,$863.85,mastercard,"Morgan Stanley Emerging Markets Fund, Inc."
31,rmatthissonu@mapquest.com,Male,$996.62,mastercard,"Quintiles IMS Holdings, Inc."
32,pdurrancev@jalbum.net,Male,$249.42,mastercard,Formula Systems (1985) Ltd.
33,rmarkw@deviantart.com,Male,$388.33,mastercard,VTTI Energy Partners LP
34,zmacwilliamx@nbcnews.com,Female,$997.95,mastercard,"MoSys, Inc."
35,gurwiny@skype.com,Male,$887.49,mastercard,Canadian Imperial Bank of Commerce
36,amckuez@furl.net,Bigender,$959.73,mastercard,"FairPoint Communications, Inc."
37,dfawloe10@mozilla.org,Genderqueer,$560.87,mastercard,"Duff & Phelps Utilities Income, Inc."
38,ohobell11@adobe.com,Female,$913.55,mastercard,"ExlService Holdings, Inc."
39,stitford12@amazon.co.jp,Male,$394.77,mastercard,Tekla Life Sciences Investors
40,wdunning13@weibo.com,Male,$923.27,mastercard,American Homes 4 Rent
41,ssantus14@china.com.cn,Female,$612.06,mastercard,STRATS Trust
42,iodogherty15@lulu.com,Female,$607.42,mastercard,"PrivateBancorp, Inc."
43,lbreitling16@barnesandnoble.com,Male,$894.89,mastercard,"ING Group, N.V."
44,rbrandt17@friendfeed.com,Female,$304.28,mastercard,Nucor Corporation
45,ppordal18@last.fm,Genderfluid,$35.18,mastercard,Xcel Energy Inc.
46,kchaudrelle19@google.de,Female,$101.00,mastercard,"Assembly Biosciences, Inc."
47,mrampton1a@virginia.edu,Female,$230.64,mastercard,"Invuity, Inc."
48,ibanane1b@indiegogo.com,Female,$579.76,mastercard,TransAct Technologies Incorporated
49,kcossington1c@weather.com,Male,$635.38,mastercard,Credit Acceptance Corporation
50,jmarcoolyn1d@indiegogo.com,Female,$395.86,mastercard,Meridian Bioscience Inc.
51,bfish1e@sakura.ne.jp,Female,$86.71,mastercard,Kemper Corporation
52,jlipprose1f@qq.com,Male,$45.64,mastercard,Six Flags Entertainment Corporation New
53,tgoodered1g@qq.com,Male,$170.64,mastercard,Whitestone REIT
54,mduesbury1h@paginegialle.it,Bigender,$715.90,mastercard,Halcon Resources Corporation
55,jbudcock1i@samsung.com,Polygender,$649.70,mastercard,The Spectranetics Corporation
56,aarchibold1j@craigslist.org,Male,$841.85,mastercard,"Zynerba Pharmaceuticals, Inc."
57,emariotte1k@wisc.edu,Female,$784.64,mastercard,"Essex Property Trust, Inc."
58,njorck1l@sohu.com,Male,$939.41,mastercard,Southern Company (The)
59,pmathiasen1m@163.com,Female,$631.45,mastercard,Francesca's Holdings Corporation
60,ajosovich1n@wunderground.com,Male,$10.09,mastercard,Pacific Continental Corporation (Ore)
61,rdickerson1o@jigsy.com,Male,$893.42,mastercard,JMP Group LLC
62,pjeeves1p@dailymotion.com,Female,$626.29,mastercard,Monster Beverage Corporation
63,fwolfe1q@issuu.com,Female,$69.13,mastercard,Autohome Inc.
64,balvin1r@reuters.com,Male,$848.92,mastercard,Ideal Power Inc.
65,zbugdall1s@nytimes.com,Female,$546.56,mastercard,Alibaba Group Holding Limited
66,markwright1t@sphinn.com,Female,$706.41,mastercard,Sunoco LP
67,gmattheissen1u@amazon.co.uk,Female,$943.97,mastercard,Qwest Corporation
68,mdurward1v@nsw.gov.au,Male,$112.69,mastercard,PIMCO Dynamic Credit and Mortgage Income Fund
69,lskipton1w@un.org,Female,$391.15,mastercard,"Rollins, Inc."
70,hhann1x@wikipedia.org,Female,$231.57,mastercard,Nuveen Preferred and Income Term Fund
71,oscopyn1y@wired.com,Male,$196.09,mastercard,Alpine Global Dynamic Dividend Fund
72,tcato1z@wisc.edu,Male,$207.29,mastercard,Navios Maritime Holdings Inc.
73,cfetterplace20@boston.com,Female,$420.55,mastercard,"TerraForm Global, Inc."
74,gwolfit21@is.gd,Female,$435.27,mastercard,"ArQule, Inc."
75,jplaid22@merriam-webster.com,Female,$505.58,mastercard,"Invuity, Inc."
76,efilpi23@reddit.com,Female,$706.16,mastercard,"Keryx Biopharmaceuticals, Inc."
77,bmilroy24@cpanel.net,Male,$338.61,mastercard,"Shiloh Industries, Inc."
78,wclethro25@tinyurl.com,Female,$608.56,mastercard,"Forward Industries, Inc."
79,jmatyas26@accuweather.com,Male,$38.73,mastercard,Mobile TeleSystems OJSC
80,cbenion27@gravatar.com,Agender,$191.03,mastercard,"Everbridge, Inc."
81,gfisk28@4shared.com,Female,$553.39,mastercard,Fortive Corporation
82,ecarabet29@oakley.com,Bigender,$568.35,mastercard,"Teligent, Inc."
83,scaselick2a@wikimedia.org,Male,$123.73,mastercard,Barington/Hilco Acquisition Corp.
84,eebdin2b@cnbc.com,Bigender,$47.31,mastercard,Wix.com Ltd.
85,cdymick2c@skype.com,Non-binary,$476.17,mastercard,First Trust Dorsey Wright Focus 5 ETF
86,rtwigge2d@europa.eu,Male,$648.79,mastercard,Algonquin Power & Utilities Corp.
87,nremer2e@imageshack.us,Male,$211.48,mastercard,Bitauto Holdings Limited
88,hlerven2f@soundcloud.com,Male,$859.64,mastercard,"Farmers & Merchants Bancorp, Inc."
89,ahawkett2g@mlb.com,Female,$123.13,mastercard,Blackrock Municipal 2020 Term Trust
90,isymcoxe2h@yale.edu,Male,$142.77,mastercard,"Blackrock MuniHoldings California Quality Fund,  Inc."
91,grozet2i@apple.com,Male,$578.42,mastercard,Government Properties Income Trust
92,twetherill2j@cornell.edu,Female,$707.89,mastercard,"CASI Pharmaceuticals, Inc."
93,ygueinn2k@cyberchimps.com,Male,$505.35,mastercard,"Zoe's Kitchen, Inc."
94,wrickcord2l@zdnet.com,Male,$870.94,mastercard,Western Asset Mortgage Capital Corporation
95,pwellbelove2m@sciencedaily.com,Male,$192.11,mastercard,"Kelly Services, Inc."
96,tellaman2n@fc2.com,Male,$601.15,mastercard,FlexShares Credit-Scored US Long Corporate Bond Index Fund
97,nyurenin2o@dedecms.com,Female,$309.55,mastercard,Nuveen New York AMT-Free Quality Municipal
98,kbiers2p@apache.org,Female,$583.17,mastercard,"Berry Global Group, Inc."
99,fodegaard2q@theguardian.com,Female,$659.52,mastercard,FB Financial Corporation
100,ahartford2r@vkontakte.ru,Female,$567.54,mastercard,"Tempur Sealy International, Inc."
101,rpitford2s@storify.com,Female,$736.52,mastercard,"TerraForm Global, Inc."
102,spenhaleurack2t@ca.gov,Male,$648.38,mastercard,FIRST REPUBLIC BANK
103,jpetracci2u@wsj.com,Female,$277.70,mastercard,CyrusOne Inc
104,njohanning2v@cbsnews.com,Male,$531.31,mastercard,"CSG Systems International, Inc."
105,ikoppen2w@miibeian.gov.cn,Male,$389.06,mastercard,DMC Global Inc.
106,jmacmychem2x@vistaprint.com,Male,$803.54,mastercard,Boston Omaha Corporation
107,csoigoux2y@google.ru,Male,$80.46,mastercard,CHS Inc
108,fshirrell2z@noaa.gov,Male,$80.33,mastercard,Burcon NutraScience Corp
109,borigin30@purevolume.com,Female,$924.85,mastercard,"Republic Services, Inc."
110,rmerrigan31@mayoclinic.com,Female,$945.60,mastercard,Valley National Bancorp
111,dvanbruggen32@homestead.com,Male,$996.55,mastercard,Tortoise Energy Infrastructure Corporation
112,cflello33@va.gov,Non-binary,$442.64,mastercard,Korea Electric Power Corporation
113,apeasby34@g.co,Female,$957.68,mastercard,Tredegar Corporation
114,efourmy35@ucla.edu,Female,$60.15,mastercard,M B T Financial Corp
115,jmulhall36@g.co,Male,$582.17,mastercard,"Exactech, Inc."
116,usumshon37@opensource.org,Female,$899.96,mastercard,Fuling Global Inc.
117,cbrundill38@nyu.edu,Male,$315.27,mastercard,Citigroup Inc.
118,dliveley39@mapy.cz,Female,$432.42,mastercard,Resonant Inc.
119,aestoile3a@scientificamerican.com,Male,$979.43,mastercard,National Commerce Corporation
120,gbichard3b@tinypic.com,Male,$819.69,mastercard,Kayne Anderson Acquisition Corp.
121,jvaggs3c@amazon.com,Female,$162.76,mastercard,Kayne Anderson MLP Investment Company
122,sworledge3d@jigsy.com,Bigender,$561.87,mastercard,New Senior Investment Group Inc.
123,dladewig3e@linkedin.com,Male,$722.74,mastercard,"Meritor, Inc."
124,cmacgiffin3f@zdnet.com,Male,$291.72,mastercard,China New Borun Corporation
125,gsennett3g@blogspot.com,Male,$261.76,mastercard,Acxiom Corporation
126,wmcgairl3h@webmd.com,Male,$519.27,mastercard,Elkhorn Commodity Rotation Strategy ETF
127,balp3i@sourceforge.net,Male,$562.76,mastercard,"NextEra Energy, Inc."
128,khowley3j@statcounter.com,Female,$511.77,mastercard,"OSI Systems, Inc."
129,ebolding3k@telegraph.co.uk,Male,$253.68,mastercard,Murphy USA Inc.
130,nfillary3l@yahoo.co.jp,Male,$549.82,mastercard,CMS Energy Corporation
131,wgabala3m@woothemes.com,Male,$140.19,mastercard,Ultragenyx Pharmaceutical Inc.
132,dmerryfield3n@opensource.org,Male,$7.18,mastercard,"Safe Bulkers, Inc"
133,bvankov3o@seattletimes.com,Non-binary,$835.92,mastercard,ESCO Technologies Inc.
134,gjickles3p@storify.com,Male,$872.08,mastercard,"AVEO Pharmaceuticals, Inc."
135,zwakley3q@bloomberg.com,Genderqueer,$727.96,mastercard,Euroseas Ltd.
136,gfilshin3r@discovery.com,Male,$667.97,mastercard,"Live Nation Entertainment, Inc."
137,bbrigstock3s@i2i.jp,Female,$397.08,mastercard,Brink's Company (The)
138,aamdohr3t@princeton.edu,Female,$245.49,mastercard,Washington Prime Group Inc.
139,rmollnar3u@eventbrite.com,Male,$86.68,mastercard,iShares iBoxx $ High Yield ex Oil & Gas Corporate Bond ETF
140,labrehart3v@economist.com,Agender,$952.84,mastercard,Anworth Mortgage Asset  Corporation
141,emorford3w@yandex.ru,Female,$637.30,mastercard,BorgWarner Inc.
142,awhapple3x@stanford.edu,Male,$964.67,mastercard,"H&E Equipment Services, Inc."
143,cjenteau3y@wikimedia.org,Agender,$320.95,mastercard,"Workhorse Group, Inc."
144,bkubach3z@guardian.co.uk,Male,$732.76,mastercard,Azure Power Global Limited
145,tmacellar40@dropbox.com,Polygender,$975.17,mastercard,Citizens & Northern Corp
146,snucci41@oakley.com,Male,$636.31,mastercard,Sonoco Products Company
147,hdovey42@mashable.com,Male,$66.15,mastercard,"Wilhelmina International, Inc."
148,cfacey43@businessinsider.com,Male,$181.26,mastercard,Pebblebrook Hotel Trust
149,baveray44@netscape.com,Male,$874.04,mastercard,"Kona Grill, Inc."
150,cprestidge45@posterous.com,Female,$757.68,mastercard,Otter Tail Corporation
151,cneesam46@tripod.com,Male,$514.89,mastercard,"Nord Anglia Education, Inc."
152,swilding47@1688.com,Bigender,$431.24,mastercard,"Penns Woods Bancorp, Inc."
153,dsked48@phoca.cz,Polygender,$484.44,mastercard,"Urban One, Inc. "
154,brobion49@wisc.edu,Female,$253.00,mastercard,"SharpSpring, Inc."
155,mcheco4a@marketwatch.com,Male,$542.62,mastercard,Seadrill Partners LLC
156,dgravey4b@moonfruit.com,Male,$881.88,mastercard,Astrotech Corporation
157,nlenin4c@reverbnation.com,Male,$134.09,mastercard,General Electric Capital Corporation
158,rhalahan4d@pinterest.com,Bigender,$115.16,mastercard,"Twenty-First Century Fox, Inc."
159,tmackeller4e@prweb.com,Male,$146.19,mastercard,Vonage Holdings Corp.
160,csplevings4f@scribd.com,Male,$245.04,mastercard,Ryanair Holdings plc
161,stille4g@etsy.com,Female,$817.76,mastercard,"SuperCom, Ltd."
162,junderdown4h@reuters.com,Female,$535.07,mastercard,"Opexa Therapeutics, Inc."
163,ieisak4i@springer.com,Male,$992.73,mastercard,Atossa Genetics Inc.
164,sodogherty4j@wikimedia.org,Female,$919.85,mastercard,"Carter's, Inc."
165,ktimlin4k@harvard.edu,Male,$223.12,mastercard,Kate Spade & Company
166,jpennacci4l@bigcartel.com,Male,$974.95,mastercard,"Expedia, Inc."
167,rtuft4m@harvard.edu,Female,$388.08,mastercard,"New Ireland Fund, Inc. (The)"
168,aphilbin4n@nationalgeographic.com,Male,$731.15,mastercard,"Perfumania Holdings, Inc"
169,amcleod4o@reverbnation.com,Male,$637.02,mastercard,Adaptimmune Therapeutics plc
170,lcisar4p@addthis.com,Female,$816.51,mastercard,Deutsche Bank AG
171,ccoggins4q@phoca.cz,Male,$380.22,mastercard,"Guaranty Bancshares, Inc."
172,rwimbush4r@dmoz.org,Male,$954.34,mastercard,Nomad Foods Limited
173,asills4s@wiley.com,Male,$998.67,mastercard,Pacific Special Acquisition Corp.
174,cantos4t@nsw.gov.au,Male,$491.09,mastercard,DCT Industrial Trust Inc
175,bstratley4u@independent.co.uk,Male,$554.07,mastercard,CTI BioPharma Corp.
176,fmarini4v@time.com,Male,$310.50,mastercard,Sibanye Gold Limited
177,vgutridge4w@cafepress.com,Female,$187.69,mastercard,"Archrock, Inc."
178,sbrantzen4x@de.vu,Male,$656.56,mastercard,HomeTown Bankshares Corporation
179,orauprich4y@princeton.edu,Male,$614.26,mastercard,DRDGOLD Limited
180,edabney4z@google.ca,Female,$723.23,mastercard,Cardtronics plc
181,pllewelly50@cnn.com,Male,$277.83,mastercard,M B T Financial Corp
182,bdambrogio51@de.vu,Male,$745.34,mastercard,Brookfield DTLA Inc.
183,klittlecote52@livejournal.com,Female,$319.82,mastercard,Aircastle Limited
184,abiffin53@posterous.com,Female,$723.86,mastercard,Intel Corporation
185,edighton54@vimeo.com,Female,$693.19,mastercard,Cincinnati Financial Corporation
186,vasquez55@tripod.com,Male,$803.79,mastercard,Tri Continental Corporation
187,pdubarry56@sphinn.com,Male,$566.80,mastercard,"Meridian Bancorp, Inc."
188,grann57@gnu.org,Male,$226.06,mastercard,"First Financial Northwest, Inc."
189,slooks58@wikispaces.com,Female,$136.98,mastercard,Amaya Inc.
190,rjacmard59@weibo.com,Female,$346.20,mastercard,"Quanta Services, Inc."
191,kgeorgot5a@diigo.com,Male,$324.48,mastercard,"Cambium Learning Group, Inc."
192,bhughlock5b@opera.com,Male,$582.48,mastercard,Allegion plc
193,sagate5c@oakley.com,Male,$777.58,mastercard,"Donnelley Financial Solutions, Inc."
194,tpedwell5d@youku.com,Male,$476.96,mastercard,Wintrust Financial Corporation
195,gnaismith5e@va.gov,Polygender,$803.31,mastercard,Gladstone Capital Corporation
196,ebreazeall5f@ustream.tv,Female,$497.49,mastercard,Adesto Technologies Corporation
197,rcrampton5g@sakura.ne.jp,Male,$66.25,mastercard,SPDR Dorsey Wright Fixed Income Allocation ETF
198,scaw5h@freewebs.com,Female,$757.42,mastercard,"American Assets Trust, Inc."
199,rlonder5i@google.com.au,Male,$913.61,mastercard,R.R. Donnelley & Sons Company
200,bpauletti5j@weibo.com,Female,$848.25,mastercard,Ashford Hospitality Trust Inc
201,idawks5k@theatlantic.com,Female,$957.75,mastercard,"Hollysys Automation Technologies, Ltd."
202,ddrinkhall5l@sina.com.cn,Male,$248.94,mastercard,"Ohr Pharmaceuticals, Inc."
203,aahrens5m@salon.com,Male,$198.47,mastercard,"EnLink Midstream Partners, LP"
204,cpennaman5n@pen.io,Female,$433.97,mastercard,Brunswick Corporation
205,nstonehouse5o@woothemes.com,Female,$560.20,mastercard,Grupo Aval Acciones y Valores S.A.
206,apenvarne5p@dmoz.org,Male,$680.38,mastercard,Ellington Residential Mortgage REIT
207,dstart5q@intel.com,Female,$644.80,mastercard,Global X Social Media ETF
208,ejevons5r@pen.io,Male,$549.03,mastercard,"NetApp, Inc."
209,ldougary5s@google.com.br,Male,$402.77,mastercard,"Reinsurance Group of America, Incorporated"
210,edoige5t@plala.or.jp,Bigender,$688.79,mastercard,ZIOPHARM Oncology Inc
211,lforrestill5u@smh.com.au,Male,$219.06,mastercard,First Trust Rising Dividend Achievers ETF
212,jamsberger5v@prweb.com,Female,$12.49,mastercard,MainStay DefinedTerm Municipal Opportunities Fund
213,gkestian5w@jimdo.com,Female,$756.25,mastercard,"Allied Healthcare Products, Inc."
214,mworland5x@example.com,Female,$284.78,mastercard,Visteon Corporation
215,tughelli5y@oaic.gov.au,Agender,$426.92,mastercard,Eaton Vance High Income 2021 Target Term Trust
216,kvandijk5z@wired.com,Male,$477.12,mastercard,Zions Bancorporation
217,wdodman60@earthlink.net,Male,$893.66,mastercard,Sotherly Hotels Inc.
218,asalzen61@abc.net.au,Female,$207.30,mastercard,United Insurance Holdings Corp.
219,cboake62@tmall.com,Genderfluid,$274.72,mastercard,"Consumer Portfolio Services, Inc."
220,naldhous63@issuu.com,Male,$653.23,mastercard,Prospect Capital Corporation
221,msetterington64@prnewswire.com,Female,$24.59,mastercard,Sterling Bancorp
222,mplaskett65@army.mil,Female,$533.84,mastercard,MSG Networks Inc.
223,aportinari66@odnoklassniki.ru,Bigender,$96.85,mastercard,"PennyMac Financial Services, Inc."
224,jainscow67@about.me,Male,$337.25,mastercard,"Halozyme Therapeutics, Inc."
225,afranzewitch68@craigslist.org,Female,$657.08,mastercard,Modern Media Acquisition Corp.
226,lgillet69@pcworld.com,Female,$534.19,mastercard,Universal Corporation
227,bnowill6a@epa.gov,Agender,$183.98,mastercard,Kimbell Royalty Partners
228,trebert6b@gizmodo.com,Female,$772.08,mastercard,"Tyson Foods, Inc."
229,mhafner6c@umich.edu,Female,$456.49,mastercard,JMP Group LLC
230,gbarensen6d@webs.com,Male,$852.31,mastercard,Histogenics Corporation
231,nlatchmore6e@bbb.org,Female,$232.85,mastercard,InVivo Therapeutics Holdings Corp.
232,eshires6f@privacy.gov.au,Female,$648.69,mastercard,John Hancock Financial Opportunities Fund
233,aoscannill6g@techcrunch.com,Male,$166.24,mastercard,Petroquest Energy Inc
234,lmaccracken6h@ox.ac.uk,Male,$51.28,mastercard,DRDGOLD Limited
235,fandresen6i@addtoany.com,Male,$107.59,mastercard,J P Morgan Chase & Co
236,agilfillan6j@artisteer.com,Male,$427.24,mastercard,Oi S.A.
237,dcozins6k@icq.com,Female,$108.28,mastercard,World Fuel Services Corporation
238,khaskayne6l@cdbaby.com,Genderqueer,$665.24,mastercard,Sanchez Energy Corporation
239,rgirvin6m@dot.gov,Female,$228.45,mastercard,"Axsome Therapeutics, Inc."
240,lleban6n@va.gov,Polygender,$342.15,mastercard,PowerShares DWA Basic Materials Momentum Portfolio
241,mspawforth6o@europa.eu,Female,$355.90,mastercard,Bank of America Corporation
242,cmatzel6p@so-net.ne.jp,Female,$737.77,mastercard,ASML Holding N.V.
243,hcollicott6q@flickr.com,Female,$802.99,mastercard,Janus Henderson Small Cap Growth Alpha ETF
244,astrank6r@harvard.edu,Female,$873.22,mastercard,Turtle Beach Corporation
245,gpavlik6s@cnet.com,Female,$315.93,mastercard,First Trust RBA American Industrial Renaissance ETF
246,alabrom6t@usa.gov,Male,$959.12,mastercard,"Community Bank System, Inc."
247,bbanville6u@gmpg.org,Male,$74.32,mastercard,The First of Long Island Corporation
248,ktouzey6v@amazon.com,Female,$27.43,mastercard,Bank of Commerce Holdings (CA)
249,aclemmett6w@businesswire.com,Male,$419.57,mastercard,Lifevantage Corporation
250,jbiskup6x@cnet.com,Female,$396.76,mastercard,Invitae Corporation
251,jmcclurg6y@yellowbook.com,Polygender,$234.10,mastercard,"Tyler Technologies, Inc."
252,ahucke6z@noaa.gov,Male,$149.28,mastercard,Kayne Anderson MLP Investment Company
253,jemmer70@ca.gov,Female,$520.18,mastercard,Nuveen Municipal 2021 Target Term Fund
254,htriggle71@auda.org.au,Male,$383.40,mastercard,"Innovative Solutions and Support, Inc."
255,fgratrix72@phoca.cz,Male,$295.71,mastercard,"Cellectar Biosciences, Inc."
256,gniave73@cbslocal.com,Male,$193.47,mastercard,Embotelladora Andina S.A.
257,aobin74@psu.edu,Non-binary,$68.14,mastercard,Keysight Technologies Inc.
258,dfallows75@ft.com,Male,$895.81,mastercard,Echelon Corporation
259,jaleswell76@hibu.com,Female,$986.07,mastercard,First Trust Hong Kong AlphaDEX Fund
260,bparvin77@umich.edu,Male,$811.48,mastercard,QAD Inc.
261,nperllman78@va.gov,Female,$97.68,mastercard,First Bancorp
262,amepham79@goo.ne.jp,Female,$432.51,mastercard,"Walgreens Boots Alliance, Inc."
263,ebigly7a@dailymotion.com,Female,$361.33,mastercard,Wells Fargo & Company
264,hvader7b@mit.edu,Male,$460.32,mastercard,Yulong Eco-Materials Limited
265,lworgan7c@joomla.org,Female,$756.57,mastercard,Changyou.com Limited
266,mturbat7d@slate.com,Genderqueer,$630.62,mastercard,"ARI Network Services, Inc."
267,brolance7e@nature.com,Male,$838.42,mastercard,"AptarGroup, Inc."
268,emckyrrelly7f@bluehost.com,Female,$820.49,mastercard,PIMCO California Municipal Income Fund III
269,ceverwin7g@unblog.fr,Male,$306.77,mastercard,Crescent Point Energy Corporation
270,ftalby7h@sfgate.com,Male,$390.60,mastercard,Walter Investment Management Corp.
271,fbarmadier7i@tripod.com,Male,$735.21,mastercard,Apple Inc.
272,rkelemen7j@people.com.cn,Female,$249.69,mastercard,Newmont Mining Corporation
273,fwallice7k@forbes.com,Female,$167.08,mastercard,PureFunds ETFx HealthTech ETF
274,bvautin7l@eepurl.com,Female,$455.40,mastercard,BlackRock Resources
275,wswadon7m@shinystat.com,Male,$351.20,mastercard,AngloGold Ashanti Limited
276,cserjeantson7n@salon.com,Female,$739.44,mastercard,"FTI Consulting, Inc."
277,jgymlett7o@quantcast.com,Male,$360.95,mastercard,VOXX International Corporation
278,aharteley7p@accuweather.com,Female,$311.79,mastercard,"Monro Muffler Brake, Inc."
279,llowdwell7q@adobe.com,Female,$323.64,mastercard,Pioneer Natural Resources Company
280,ksabate7r@constantcontact.com,Female,$35.88,mastercard,Seneca Foods Corp.
281,djanicki7s@wikipedia.org,Male,$358.30,mastercard,Hilltop Holdings Inc.
282,wcreffield7t@nba.com,Male,$404.40,mastercard,Avenue Income Credit Strategies Fund
283,abearcock7u@joomla.org,Female,$39.83,mastercard,"Global Ship Lease, Inc."
284,ilortzing7v@ihg.com,Male,$793.60,mastercard,"Williams-Sonoma, Inc."
285,tdebanke7w@infoseek.co.jp,Male,$926.60,mastercard,"First Financial Bankshares, Inc."
286,zharness7x@biglobe.ne.jp,Male,$315.42,mastercard,Radcom Ltd.
287,edowglass7y@sitemeter.com,Female,$101.43,mastercard,Icahn Enterprises L.P.
288,wleighfield7z@bloglovin.com,Male,$338.49,mastercard,"Microvision, Inc."
289,afurminger80@meetup.com,Female,$857.37,mastercard,"AmTrust Financial Services, Inc."
290,hlandis81@addtoany.com,Female,$80.81,mastercard,Verso Corporation
291,bblackley82@princeton.edu,Male,$714.79,mastercard,"iKang Healthcare Group, Inc."
292,gnewnham83@wordpress.com,Male,$617.85,mastercard,"Colony NorthStar, Inc."
293,hcranstoun84@hugedomains.com,Bigender,$790.33,mastercard,Zions Bancorporation
294,ahoulahan85@github.io,Female,$285.11,mastercard,Formula Systems (1985) Ltd.
295,pchittem86@irs.gov,Male,$490.80,mastercard,"Sigma Labs, Inc."
296,fforryan87@altervista.org,Male,$231.65,mastercard,"PRA Health Sciences, Inc."
297,gfilpo88@vimeo.com,Female,$420.18,mastercard,Aflac Incorporated
298,dbone89@salon.com,Male,$606.95,mastercard,Arlington Asset Investment Corp
299,wboggas8a@rambler.ru,Bigender,$576.52,mastercard,Nuveen Real Asset Income and Growth Fund
300,hconstance8b@accuweather.com,Male,$401.56,mastercard,RAIT Financial Trust
301,kmaharey8c@blogger.com,Female,$297.57,mastercard,"Editas Medicine, Inc."
302,kbocking8d@yandex.ru,Male,$986.64,mastercard,"Blackrock MuniVest Fund II, Inc."
303,ilesslie8e@hexun.com,Female,$489.67,mastercard,"GlassBridge Enterprises, Inc."
304,mrenak8f@macromedia.com,Male,$704.67,mastercard,J P Morgan Chase & Co
305,kotter8g@boston.com,Male,$783.73,mastercard,"MRV Communications, Inc."
306,mdeluce8h@tuttocitta.it,Male,$679.16,mastercard,Union Bankshares Corporation
307,hkuschek8i@twitter.com,Male,$78.54,mastercard,Banco De Chile
308,cwarburton8j@skype.com,Bigender,$289.67,mastercard,Anworth Mortgage Asset  Corporation
309,bbullimore8k@1688.com,Female,$779.56,mastercard,"Coach, Inc."
310,vayrs8l@phoca.cz,Female,$344.65,mastercard,"Intevac, Inc."
311,fwoolfenden8m@creativecommons.org,Male,$738.85,mastercard,Bridgford Foods Corporation
312,vrotchell8n@tripod.com,Female,$56.92,mastercard,Oxford Lane Capital Corp.
313,oaskin8o@booking.com,Male,$764.53,mastercard,E*TRADE Financial Corporation
314,rstitch8p@xinhuanet.com,Female,$793.46,mastercard,"Franklin Resources, Inc."
315,jdebenedetti8q@goo.gl,Female,$488.96,mastercard,Andina Acquisition Corp. II
316,rcampbell8r@bloglovin.com,Male,$933.47,mastercard,"Matson, Inc."
317,bmeriguet8s@smugmug.com,Bigender,$415.32,mastercard,Gabelli Utility Trust (The)
318,jrobardet8t@clickbank.net,Male,$667.39,mastercard,"Banc of California, Inc."
319,mtallach8u@blog.com,Male,$595.03,mastercard,W.R. Berkley Corporation
320,cshipman8v@linkedin.com,Female,$582.37,mastercard,Hubbell Inc
321,bargontt8w@surveymonkey.com,Female,$840.24,mastercard,Kewaunee Scientific Corporation
322,fcorsar8x@apache.org,Female,$981.39,mastercard,"Inter Parfums, Inc."
323,aparnell8y@yandex.ru,Genderqueer,$761.54,mastercard,"Forterra, Inc."
324,frugiero8z@webs.com,Female,$896.18,mastercard,PTC Inc.
325,tselborne90@webnode.com,Agender,$913.28,mastercard,Star Bulk Carriers Corp.
326,fpettendrich91@usa.gov,Female,$297.17,mastercard,First Trust China AlphaDEX Fund
327,emangin92@gravatar.com,Female,$871.28,mastercard,"PS Business Parks, Inc."
328,afreestone93@umn.edu,Female,$926.93,mastercard,Calamos Dynamic Convertible & Income Fund
329,afindlater94@mapy.cz,Female,$219.99,mastercard,Arbor Realty Trust
330,bmartignon95@cornell.edu,Male,$301.82,mastercard,"Washington Federal, Inc."
331,wwaldram96@typepad.com,Female,$279.82,mastercard,CymaBay Therapeutics Inc.
332,ggook97@ucoz.ru,Female,$464.28,mastercard,"Becton, Dickinson and Company"
333,smclarnon98@hud.gov,Female,$679.61,mastercard,VelocityShares Daily Inverse VIX Medium-Term ETN
334,pmuller99@1688.com,Female,$879.45,mastercard,"Otonomy, Inc."
335,rseacombe9a@yale.edu,Agender,$263.29,mastercard,Diageo plc
336,mtwiddy9b@weather.com,Female,$896.74,mastercard,"Omnicell, Inc."
337,lmacgraith9c@pcworld.com,Female,$590.00,mastercard,Charter Financial Corp.
338,ccristou9d@studiopress.com,Female,$843.34,mastercard,"First Business Financial Services, Inc."
339,mculley9e@indiatimes.com,Polygender,$10.85,mastercard,Eaton Vance Short Diversified Income Fund
340,ckubek9f@princeton.edu,Female,$571.12,mastercard,"Acasti Pharma, Inc."
341,pprahl9g@creativecommons.org,Female,$577.04,mastercard,WPCS International Incorporated
342,mcrennan9h@ca.gov,Female,$671.67,mastercard,"Honda Motor Company, Ltd."
343,epalfreyman9i@bravesites.com,Male,$23.53,mastercard,OFS Capital Corporation
344,llongman9j@imageshack.us,Female,$348.27,mastercard,Alcoa Corporation
345,bdoxsey9k@wikia.com,Male,$584.12,mastercard,Triangle Capital Corporation
346,bmackleden9l@marketwatch.com,Non-binary,$500.34,mastercard,"PFSweb, Inc."
347,ccrowthe9m@hao123.com,Female,$96.89,mastercard,Esterline Technologies Corporation
348,nwestcott9n@issuu.com,Male,$874.09,mastercard,"Ramaco Resources, Inc."
349,sattard9o@wordpress.com,Female,$125.25,mastercard,"NanoString Technologies, Inc."
350,rsandaver9p@cyberchimps.com,Male,$858.12,mastercard,Covisint Corporation
351,mmcclosh9q@amazon.co.uk,Male,$676.69,mastercard,Bank of America Corporation
352,tkas9r@nifty.com,Male,$415.07,mastercard,"Benefitfocus, Inc."
353,jbullant9s@indiatimes.com,Male,$488.19,mastercard,CHS Inc
354,whalfhide9t@gov.uk,Female,$59.91,mastercard,Alcobra Ltd.
355,snoah9u@arizona.edu,Female,$792.76,mastercard,GATX Corporation
356,heck9v@artisteer.com,Polygender,$668.54,mastercard,"Stratasys, Ltd."
357,mteliga9w@ehow.com,Male,$380.70,mastercard,"Healthcare Trust of America, Inc."
358,cmitkov9x@cisco.com,Male,$792.47,mastercard,Forward Pharma A/S
359,fdedei9y@businessweek.com,Male,$207.96,mastercard,Balchem Corporation
360,hpickrill9z@quantcast.com,Male,$920.71,mastercard,Ryanair Holdings plc
361,froufa0@bloglovin.com,Female,$549.51,mastercard,Coca-Cola European Partners plc
362,jdablea1@home.pl,Male,$643.51,mastercard,"Windstream Holdings, Inc."
363,ebroxtona2@comsenz.com,Female,$280.68,mastercard,"Delaware Investments Dividend & Income Fund, Inc."
364,lsimonda3@lycos.com,Female,$144.21,mastercard,Ashford Hospitality Trust Inc
365,crobinetta4@deviantart.com,Female,$815.14,mastercard,The Carlyle Group L.P.
366,apenasa5@accuweather.com,Male,$198.67,mastercard,"Fossil Group, Inc."
367,ckeyesa6@ebay.com,Male,$39.34,mastercard,Tractor Supply Company
368,bmassona7@cloudflare.com,Female,$78.08,mastercard,"Plains All American Pipeline, L.P."
369,emckeurtana8@ihg.com,Male,$448.00,mastercard,"Insperity, Inc."
370,iounswortha9@google.it,Female,$417.92,mastercard,John Hancock Financial Opportunities Fund
371,djestaa@pbs.org,Female,$190.17,mastercard,eBay Inc.
372,klefeverab@slate.com,Female,$17.66,mastercard,Celgene Corporation
373,rwhittenac@admin.ch,Male,$412.85,mastercard,At Home Group Inc.
374,rguerreruad@ifeng.com,Male,$603.77,mastercard,"Selective Insurance Group, Inc."
375,rfarmeryae@youtube.com,Male,$133.52,mastercard,Capitol Acquisition Corp. III
376,josgaraf@phpbb.com,Polygender,$909.08,mastercard,VOC Energy Trust
377,grushmanag@1und1.de,Genderfluid,$543.41,mastercard,"Digital Realty Trust, Inc."
378,laldwichah@pen.io,Female,$68.06,mastercard,United States Cellular Corporation
379,cgreastyai@bloglovin.com,Female,$739.99,mastercard,"Blackrock Enhanced Government Fund, Inc"
380,oyeardleyaj@washington.edu,Male,$485.15,mastercard,Ramco-Gershenson Properties Trust
381,ybentickak@google.ca,Male,$287.99,mastercard,St. Joe Company (The)
382,vkelmereal@csmonitor.com,Female,$121.51,mastercard,"Clearside Biomedical, Inc."
383,sthresham@ocn.ne.jp,Female,$445.93,mastercard,"Rollins, Inc."
384,ishivellan@microsoft.com,Non-binary,$522.58,mastercard,"Arrow Electronics, Inc."
385,gimpeyao@craigslist.org,Female,$588.59,mastercard,Comerica Incorporated
386,lmcnyscheap@eventbrite.com,Female,$190.24,mastercard,Vince Holding Corp.
387,acollingworthaq@yandex.ru,Male,$704.65,mastercard,Kimco Realty Corporation
388,etwiggear@google.co.jp,Female,$114.24,mastercard,First Trust Europe AlphaDEX Fund
389,jsheereas@patch.com,Male,$109.49,mastercard,ROBO Global Robotics and Automation Index ETF
390,nsnaryat@123-reg.co.uk,Male,$151.48,mastercard,Endo International plc
391,bcalkenau@admin.ch,Female,$58.42,mastercard,Hersha Hospitality Trust
392,crembrantav@joomla.org,Genderfluid,$191.79,mastercard,Kimberly-Clark Corporation
393,apoveleyeaw@chronoengine.com,Male,$44.01,mastercard,Medovex Corp.
394,fopferax@goodreads.com,Female,$641.00,mastercard,"Taubman Centers, Inc."
395,kgiamuzzoay@taobao.com,Female,$753.53,mastercard,"First Savings Financial Group, Inc."
396,vcominoaz@wunderground.com,Non-binary,$309.78,mastercard,"Castlight Health, inc."
397,hfeyeb0@hexun.com,Male,$314.37,mastercard,Archer-Daniels-Midland Company
398,yampsb1@moonfruit.com,Female,$218.36,mastercard,Lannett Co Inc
399,klentb2@nsw.gov.au,Male,$204.26,mastercard,"Vishay Precision Group, Inc."
400,rspreckleyb3@twitter.com,Female,$672.59,mastercard,"PulteGroup, Inc."
401,mbigriggb4@mlb.com,Female,$245.93,mastercard,BRT Apartments Corp.
402,dmudgeb5@deviantart.com,Male,$628.52,mastercard,"Synthetic Fixed-Income Securities, Inc."
403,ecamolettob6@devhub.com,Female,$533.38,mastercard,Hovnanian Enterprises Inc
404,dzaninib7@devhub.com,Male,$437.28,mastercard,"GlycoMimetics, Inc."
405,bestoileb8@discuz.net,Male,$963.62,mastercard,Global Payments Inc.
406,bdefreyneb9@reddit.com,Genderqueer,$636.17,mastercard,"Owens-Illinois, Inc."
407,asheeresba@rediff.com,Male,$255.93,mastercard,"ING Group, N.V."
408,acutressbb@apple.com,Female,$688.27,mastercard,AlphaMark Actively Managed Small Cap ETF
409,cdummiganbc@hud.gov,Male,$203.51,mastercard,DURECT Corporation
410,mdonativobd@linkedin.com,Female,$758.62,mastercard,CafePress Inc.
411,lfurneybe@lulu.com,Female,$723.55,mastercard,"Antares Pharma, Inc."
412,scissonbf@nasa.gov,Male,$520.95,mastercard,Global Sources Ltd.
413,daismanbg@ycombinator.com,Female,$832.87,mastercard,Tiffany & Co.
414,eborleasebh@themeforest.net,Female,$209.66,mastercard,"Onvia, Inc."
415,pblameybi@ameblo.jp,Female,$984.19,mastercard,"First Midwest Bancorp, Inc."
416,cyashanovbj@vimeo.com,Male,$86.94,mastercard,"Rennova Health, Inc."
417,slindenstraussbk@reverbnation.com,Agender,$204.49,mastercard,Nuveen Floating Rate Income Fund
418,khercockbl@nydailynews.com,Genderqueer,$967.19,mastercard,"Helmerich & Payne, Inc."
419,rjacmarbm@dyndns.org,Male,$61.29,mastercard,Tocagen Inc.
420,jfreebn@goo.gl,Female,$691.33,mastercard,"Cullen/Frost Bankers, Inc."
421,sarchbuttbo@i2i.jp,Female,$462.51,mastercard,"Etsy, Inc."
422,skiellorbp@yelp.com,Female,$713.75,mastercard,Marathon Oil Corporation
423,jconaghybq@fastcompany.com,Male,$653.10,mastercard,"ALJ Regional Holdings, Inc."
424,ajantotbr@princeton.edu,Male,$148.55,mastercard,POSCO
425,bmuskettbs@cbc.ca,Male,$205.15,mastercard,Duke Energy Corporation
426,gnisbybt@technorati.com,Female,$908.97,mastercard,Penn Virginia Corporation
427,ibeuscherbu@dmoz.org,Agender,$179.53,mastercard,PartnerRe Ltd.
428,mcheesmanbv@yellowbook.com,Male,$438.44,mastercard,"The Chefs' Warehouse, Inc."
429,awinfindinebw@google.cn,Male,$342.62,mastercard,Silvercrest Asset Management Group Inc.
430,greedybx@topsy.com,Female,$273.69,mastercard,Banco Santander Brasil SA
431,rkennionby@geocities.jp,Male,$991.66,mastercard,"Nuveen California Municipal Value Fund, Inc."
432,kpenwellbz@sciencedirect.com,Male,$245.09,mastercard,MER Telemanagement Solutions Ltd.
433,iboxec0@cnn.com,Male,$344.05,mastercard,Hingham Institution for Savings
434,hstealeyc1@yellowpages.com,Male,$42.05,mastercard,Enterprise Bancorp Inc
435,rbloomfieldc2@w3.org,Male,$809.10,mastercard,"VistaGen Therapeutics, Inc."
436,mgianulloc3@independent.co.uk,Male,$180.59,mastercard,"Goldman Sachs Group, Inc. (The)"
437,rdejuaresc4@oracle.com,Female,$462.79,mastercard,Covanta Holding Corporation
438,bcolmanc5@mapy.cz,Female,$306.67,mastercard,Actuant Corporation
439,cclemenzac6@lulu.com,Female,$71.06,mastercard,Dynagas LNG Partners LP
440,lswalwelc7@imdb.com,Female,$586.75,mastercard,"Mid-America Apartment Communities, Inc."
441,ldumberellc8@behance.net,Male,$149.78,mastercard,iShares MSCI Emerging Markets Asia Index Fund
442,dpetyankinc9@opensource.org,Female,$128.47,mastercard,Barclays Inverse US Treasury Composite ETN
443,blillicoca@ow.ly,Female,$561.89,mastercard,Karyopharm Therapeutics Inc.
444,kwinescb@w3.org,Female,$783.41,mastercard,ProPetro Holding Corp.
445,hmcneishcc@tripadvisor.com,Female,$549.17,mastercard,WD-40 Company
446,mdebischofcd@cbsnews.com,Female,$542.33,mastercard,Acxiom Corporation
447,pkleislece@who.int,Female,$67.15,mastercard,Gulfport Energy Corporation
448,cpoizercf@java.com,Male,$741.59,mastercard,"Cellectar Biosciences, Inc."
449,arimellcg@flavors.me,Female,$817.93,mastercard,iShares S&P Emerging Markets Infrastructure Index Fund
450,lfellowch@digg.com,Female,$442.17,mastercard,C&F Financial Corporation
451,eattfieldci@mozilla.com,Male,$153.63,mastercard,International Bancshares Corporation
452,nsotworthcj@timesonline.co.uk,Bigender,$763.64,mastercard,Sohu.com Inc.
453,cgorsseck@behance.net,Genderqueer,$901.31,mastercard,"Interface, Inc."
454,mrailtoncl@tinypic.com,Female,$680.37,mastercard,"SunCoke Energy Partners, L.P."
455,cturviecm@ibm.com,Male,$634.82,mastercard,Vector Group Ltd.
456,csteptocn@cbslocal.com,Female,$527.49,mastercard,Kayne Anderson Acquisition Corp.
457,lmartinsonco@oracle.com,Female,$549.08,mastercard,KLX Inc.
458,kyvenscp@themeforest.net,Female,$620.47,mastercard,"The First Bancshares, Inc."
459,aperellicq@patch.com,Male,$575.59,mastercard,First Trust BICK Index Fund
460,vmacdirmidcr@biglobe.ne.jp,Female,$386.89,mastercard,"RadNet, Inc."
461,bmossomcs@nps.gov,Bigender,$235.53,mastercard,Eaton Vance Tax-Advantaged Bond
462,pvickermanct@noaa.gov,Male,$233.63,mastercard,TearLab Corporation
463,mgeldeardcu@sohu.com,Female,$454.70,mastercard,Repros Therapeutics Inc.
464,alehoncv@ycombinator.com,Male,$80.62,mastercard,"Second Sight Medical Products, Inc."
465,lgoaleycw@alexa.com,Female,$14.49,mastercard,CMS Energy Corporation
466,rblackebycx@hexun.com,Male,$318.43,mastercard,BLDRS Asia 50 ADR Index Fund
467,gdoncastercy@godaddy.com,Genderqueer,$285.91,mastercard,MEDIFAST INC
468,lmurtcz@cdc.gov,Genderqueer,$680.86,mastercard,"Heritage-Crystal Clean, Inc."
469,jtimcked0@mayoclinic.com,Female,$121.50,mastercard,"K2M Group Holdings, Inc."
470,fpopplestoned1@howstuffworks.com,Female,$606.61,mastercard,Flaherty & Crumrine Dynamic Preferred and Income Fund Inc.
471,sdemked2@reddit.com,Male,$2.20,mastercard,"Dupont Fabros Technology, Inc."
472,amintramd3@youku.com,Genderfluid,$916.41,mastercard,Calamos Dynamic Convertible & Income Fund
473,dreddingsd4@sina.com.cn,Female,$710.79,mastercard,Sunrun Inc.
474,bjobind5@pbs.org,Male,$166.91,mastercard,"Park City Group, Inc."
475,ljosskovizd6@163.com,Female,$968.24,mastercard,"Achaogen, Inc."
476,ghumbyd7@fda.gov,Female,$38.39,mastercard,Fibria Celulose S.A.
477,cdoomand8@facebook.com,Female,$306.45,mastercard,Approach Resources Inc.
478,tnellerd9@jiathis.com,Male,$597.84,mastercard,Fly Leasing Limited
479,kdaoustda@vk.com,Bigender,$596.32,mastercard,Investors Real Estate Trust
480,rhaselhurstdb@bing.com,Male,$834.39,mastercard,"Obalon Therapeutics, Inc."
481,sginiedc@vinaora.com,Male,$314.12,mastercard,Janus Henderson Small Cap Growth Alpha ETF
482,srosetdd@ftc.gov,Female,$88.23,mastercard,"Tempur Sealy International, Inc."
483,ppigginde@skype.com,Male,$624.87,mastercard,"Summit Hotel Properties, Inc."
484,dgaynesdf@xrea.com,Female,$702.82,mastercard,BioLineRx Ltd.
485,hgulbergdg@1688.com,Male,$962.86,mastercard,Seanergy Maritime Holdings Corp
486,sjostdh@smugmug.com,Female,$207.49,mastercard,"JD.com, Inc."
487,rsatchelldi@hatena.ne.jp,Female,$773.04,mastercard,"Badger Meter, Inc."
488,bhagandj@rambler.ru,Male,$570.16,mastercard,Eaton Vance NextShares Trust
489,rallerydk@webnode.com,Female,$313.52,mastercard,eGain Corporation
490,cmainedl@flickr.com,Male,$929.32,mastercard,State Street Corporation
491,jmalyondm@springer.com,Female,$581.12,mastercard,Philip Morris International Inc
492,lsalasardn@ask.com,Female,$77.84,mastercard,"Stage Stores, Inc."
493,kgullbergdo@a8.net,Male,$813.59,mastercard,"Hartford Financial Services Group, Inc. (The)"
494,slilledp@sourceforge.net,Male,$381.25,mastercard,Silicom Ltd
495,spaceydq@google.ca,Female,$971.45,mastercard,"TC PipeLines, LP"
496,dmacilraithdr@goo.ne.jp,Male,$245.57,mastercard,iStar Financial Inc.
497,cpenmands@state.gov,Agender,$450.46,mastercard,"Gaming and Leisure Properties, Inc."
498,cboddydt@privacy.gov.au,Male,$629.12,mastercard,ePlus inc.
499,mperkisdu@infoseek.co.jp,Female,$632.34,mastercard,Harmony Gold Mining Company Limited
500,rkeelingedv@mozilla.com,Male,$334.76,mastercard,United States Cellular Corporation
501,ycrazedw@drupal.org,Male,$321.99,mastercard,"Soligenix, Inc."
502,awarlowedx@addtoany.com,Male,$921.06,mastercard,"1-800 FLOWERS.COM, Inc."
503,ccradeydy@guardian.co.uk,Female,$425.72,mastercard,The Middleby Corporation
504,llautiedz@reuters.com,Female,$801.54,mastercard,Xylem Inc.
505,jrenne0@salon.com,Male,$843.25,mastercard,"PPG Industries, Inc."
506,tfurmagee1@google.it,Female,$425.36,mastercard,Vonage Holdings Corp.
507,sramalhetee2@rakuten.co.jp,Male,$310.39,mastercard,"Colony NorthStar, Inc."
508,eblofelde3@nps.gov,Female,$374.78,mastercard,Landec Corporation
509,afullstonee4@aol.com,Male,$298.75,mastercard,"Diplomat Pharmacy, Inc."
510,bmacredmonde5@istockphoto.com,Female,$55.77,mastercard,American Woodmark Corporation
511,jwainee6@aboutads.info,Female,$805.40,mastercard,Banco Santander Chile
512,rslade7@bloglines.com,Male,$578.30,mastercard,Telefonica Brasil S.A.
513,dlamdene8@shinystat.com,Male,$699.49,mastercard,"AAC Holdings, Inc."
514,bcurnnokke9@cnet.com,Female,$587.96,mastercard,"Nivalis Therapeutics, Inc."
515,khylandea@ox.ac.uk,Female,$298.72,mastercard,"H&R Block, Inc."
516,mpearteb@addtoany.com,Female,$879.22,mastercard,"Host Hotels & Resorts, Inc."
517,ebusec@de.vu,Male,$232.46,mastercard,ENGlobal Corporation
518,ieilerted@ucoz.com,Male,$164.97,mastercard,Physicians Realty Trust
519,ktertreee@flavors.me,Female,$72.51,mastercard,"Trevena, Inc."
520,avittetef@sbwire.com,Female,$132.97,mastercard,"Ocean Bio-Chem, Inc."
521,qscougheg@jugem.jp,Male,$841.77,mastercard,Qwest Corporation
522,bdavittieh@google.com.hk,Female,$594.17,mastercard,Kemper Corporation
523,swortsei@fastcompany.com,Male,$925.41,mastercard,Student Transportation Inc
524,hmormanej@yolasite.com,Male,$474.33,mastercard,Loncar Cancer Immunotherapy ETF
525,aeldrittek@quantcast.com,Female,$865.59,mastercard,Taylor Morrison Home Corporation
526,tscarlettel@ca.gov,Female,$372.32,mastercard,"Gabelli Convertible and Income Securities Fund, Inc. (The)"
527,udenkinem@cloudflare.com,Male,$117.85,mastercard,ContraVir Pharmaceuticals Inc
528,apicklesen@issuu.com,Female,$170.85,mastercard,"Extreme Networks, Inc."
529,ehukineo@tuttocitta.it,Female,$514.01,mastercard,Fifth Street Finance Corp.
530,ahowfordep@biglobe.ne.jp,Genderqueer,$660.67,mastercard,Capital One Financial Corporation
531,jrheadeq@kickstarter.com,Female,$750.37,mastercard,"Tortoise MLP Fund, Inc."
532,jmathersoner@dailymotion.com,Bigender,$183.38,mastercard,"Goldman Sachs Group, Inc. (The)"
533,mmazzeoes@parallels.com,Female,$387.45,mastercard,"Tabula Rasa HealthCare, Inc."
534,esandelandet@mail.ru,Female,$1.26,mastercard,Ares Commercial Real Estate Corporation
535,lstrikereu@amazon.com,Male,$154.52,mastercard,"Black Stone Minerals, L.P."
536,aloughev@china.com.cn,Female,$469.77,mastercard,"Universal Health Services, Inc."
537,mdabesew@comcast.net,Female,$263.24,mastercard,Scorpio Tankers Inc.
538,shuscroftex@admin.ch,Male,$232.59,mastercard,"Morgan Stanley Asia-Pacific Fund, Inc."
539,apavlishchevey@google.fr,Female,$784.61,mastercard,Marvell Technology Group Ltd.
540,mdigleez@goo.gl,Female,$784.51,mastercard,Mosaic Company (The)
541,ghardagef0@dyndns.org,Male,$546.14,mastercard,"HarborOne Bancorp, Inc."
542,ngaukrodgef1@hud.gov,Male,$339.72,mastercard,MPLX LP
543,ckinlockf2@artisteer.com,Male,$84.01,mastercard,Arrow Financial Corporation
544,hspellwardf3@wikia.com,Male,$589.71,mastercard,ICON plc
545,breignardf4@slideshare.net,Female,$140.91,mastercard,"Papa John's International, Inc."
546,fofarrisf5@samsung.com,Male,$931.61,mastercard,Mosaic Company (The)
547,lgrievef6@bing.com,Female,$658.41,mastercard,"Titan International, Inc."
548,grofff7@mozilla.org,Male,$357.25,mastercard,"Ooma, Inc."
549,jkilshawf8@desdev.cn,Female,$723.23,mastercard,"PIMCO Strategic Income Fund, Inc."
550,cchesmanf9@cbslocal.com,Male,$629.14,mastercard,Capital One Financial Corporation
551,jimmingsfa@elegantthemes.com,Female,$723.36,mastercard,"Akorn, Inc."
552,mseniorfb@weather.com,Male,$375.34,mastercard,"Argo Group International Holdings, Ltd."
553,nwasbroughfc@blogtalkradio.com,Female,$453.99,mastercard,PowerShares S&P SmallCap Materials Portfolio
554,wglosterfd@google.com,Male,$899.73,mastercard,"Allete, Inc."
555,pmoremanfe@addtoany.com,Male,$270.95,mastercard,Summit State Bank
556,fcharityff@godaddy.com,Male,$221.81,mastercard,MSG Networks Inc.
557,bwearingfg@yellowpages.com,Male,$996.22,mastercard,"Centennial Resource Development, Inc."
558,icattrellfh@w3.org,Female,$726.37,mastercard,Amgen Inc.
559,agolledgefi@51.la,Bigender,$610.74,mastercard,Microsoft Corporation
560,ciozefovichfj@discovery.com,Male,$748.71,mastercard,Park Sterling Corporation
561,creihillfk@accuweather.com,Female,$670.90,mastercard,"NexPoint Residential Trust, Inc."
562,gwhenmanfl@washington.edu,Male,$948.44,mastercard,"Argan, Inc."
563,vshirerfm@yellowpages.com,Female,$663.67,mastercard,iPath US Treasury 10-year Bull ETN
564,mcarollfn@cocolog-nifty.com,Female,$541.21,mastercard,Koninklijke Philips N.V.
565,edustfo@hud.gov,Male,$202.31,mastercard,"H&E Equipment Services, Inc."
566,rcholertonfp@bravesites.com,Agender,$177.02,mastercard,"Carrols Restaurant Group, Inc."
567,babrahamianfq@flickr.com,Female,$445.26,mastercard,"Grupo Aeroportuario Del Pacifico, S.A. de C.V."
568,amiddifffr@drupal.org,Male,$274.14,mastercard,"Workday, Inc."
569,jhurdisfs@examiner.com,Female,$651.92,mastercard,"Silicon Laboratories, Inc."
570,scrallanft@yellowpages.com,Female,$58.12,mastercard,Origin Agritech Limited
571,bmccaughanfu@ifeng.com,Female,$58.37,mastercard,"F5 Networks, Inc."
572,rskeletonfv@weebly.com,Male,$282.58,mastercard,"Aptose Biosciences, Inc."
573,irenackownafw@craigslist.org,Female,$256.23,mastercard,"GenVec, Inc."
574,eparadisfx@xrea.com,Male,$323.62,mastercard,Legacy Reserves LP
575,ablagburnfy@reuters.com,Female,$90.83,mastercard,"Fresh Del Monte Produce, Inc."
576,edarleyfz@paypal.com,Female,$239.68,mastercard,Voya Natural Resources Equity Income Fund
577,tjanatag0@zdnet.com,Male,$530.34,mastercard,LMP Capital and Income Fund Inc.
578,dmanjotg1@nytimes.com,Female,$209.51,mastercard,"Century Communities, Inc."
579,blaversg2@surveymonkey.com,Female,$894.06,mastercard,"Infinity Pharmaceuticals, Inc."
580,hhalstedg3@about.me,Male,$572.50,mastercard,"First Connecticut Bancorp, Inc."
581,bvamplusg4@sitemeter.com,Male,$716.98,mastercard,"PrivateBancorp, Inc."
582,ltrebilcockg5@youku.com,Female,$563.77,mastercard,Banco Bradesco Sa
583,mkaygillg6@va.gov,Female,$242.85,mastercard,"A. Schulman, Inc."
584,distedg7@facebook.com,Male,$373.84,mastercard,DoubleLine Opportunistic Credit Fund
585,acolhoung8@elpais.com,Male,$444.56,mastercard,China Life Insurance Company Limited
586,agayterg9@1688.com,Male,$856.15,mastercard,Molson Coors Brewing  Company
587,acrystalga@examiner.com,Male,$839.41,mastercard,China Petroleum & Chemical Corporation
588,mbeatensgb@networkadvertising.org,Male,$372.67,mastercard,Edwards Lifesciences Corporation
589,bmacalpinegc@stumbleupon.com,Male,$849.08,mastercard,"Profire Energy, Inc."
590,hlambegd@a8.net,Male,$145.58,mastercard,Cohen & Steers Inc
591,hdeluzege@storify.com,Genderfluid,$630.27,mastercard,"G. Willi-Food International,  Ltd."
592,ccramondgf@stanford.edu,Female,$944.42,mastercard,First Trust Multi-Asset Diversified Income Index Fund
593,alilegg@cloudflare.com,Female,$833.12,mastercard,Rexnord Corporation
594,mpeegremgh@forbes.com,Genderfluid,$972.11,mastercard,"Transcontinental Realty Investors, Inc."
595,cliccardigi@plala.or.jp,Male,$643.92,mastercard,Rosehill Resources Inc.
596,haggliogj@reference.com,Male,$926.78,mastercard,Bank Mutual Corporation
597,owebermanngk@cocolog-nifty.com,Female,$318.18,mastercard,"Equity Bancshares, Inc."
598,temmattgl@linkedin.com,Male,$18.92,mastercard,"j2 Global, Inc."
599,vkordesgm@stanford.edu,Male,$234.58,mastercard,Enzymotec Ltd.
600,igwingn@pagesperso-orange.fr,Male,$599.05,mastercard,KraneShares CSI China Internet ETF
601,nleyntongo@icio.us,Male,$485.33,mastercard,Moog Inc.
602,ayanezgp@gnu.org,Male,$544.19,mastercard,"Surmodics, Inc."
603,vsennettgq@wikia.com,Male,$907.55,mastercard,Paylocity Holding Corporation
604,ibougourdgr@yandex.ru,Female,$278.89,mastercard,USD Partners LP
605,agillmoregs@constantcontact.com,Male,$754.61,mastercard,"Amicus Therapeutics, Inc."
606,ogianasigt@smh.com.au,Male,$820.39,mastercard,San Juan Basin Royalty Trust
607,zpindellgu@rediff.com,Male,$95.65,mastercard,"South Jersey Industries, Inc."
608,tclearleygv@zdnet.com,Male,$206.90,mastercard,"Pepsico, Inc."
609,crowettgw@skyrock.com,Male,$755.12,mastercard,Capital One Financial Corporation
610,alabromgx@example.com,Female,$370.31,mastercard,Franco-Nevada Corporation
611,rsommergy@geocities.jp,Female,$369.52,mastercard,Internap Corporation
612,chutchcraftgz@indiatimes.com,Male,$585.22,mastercard,Blueprint Medicines Corporation
613,mshutteh0@merriam-webster.com,Male,$14.57,mastercard,"Validus Holdings, Ltd."
614,mbiggansh1@nih.gov,Female,$560.41,mastercard,Independence Holding Company
615,dlodinh2@about.me,Male,$607.86,mastercard,"Cellectar Biosciences, Inc."
616,jizkoveskih3@chicagotribune.com,Female,$142.00,mastercard,ZTO Express (Cayman) Inc.
617,vpearth4@instagram.com,Female,$436.32,mastercard,Layne Christensen Company
618,swetherickh5@ed.gov,Female,$827.73,mastercard,Oil-Dri Corporation Of America
619,dbelchamh6@gmpg.org,Female,$288.85,mastercard,Elkhorn Commodity Rotation Strategy ETF
620,lgullefordh7@ftc.gov,Female,$294.33,mastercard,Sanofi
621,dbuttnerh8@etsy.com,Female,$815.25,mastercard,"Prudential Global Short Duration High Yield Fund, Inc."
622,gsweedh9@nasa.gov,Male,$978.62,mastercard,Neff Corporation
623,wjaymeha@epa.gov,Female,$121.14,mastercard,"Echo Global Logistics, Inc."
624,hprozesckyhb@disqus.com,Female,$935.49,mastercard,Voya Natural Resources Equity Income Fund
625,jdenerleyhc@chron.com,Female,$671.18,mastercard,Newfield Exploration Company
626,kghilkshd@de.vu,Female,$361.39,mastercard,Davis Select Worldwide ETF
627,vgilfoyhe@goodreads.com,Female,$960.40,mastercard,"China HGS Real Estate, Inc."
628,aburkitthf@unc.edu,Female,$572.27,mastercard,"Aware, Inc."
629,mhightonhg@deviantart.com,Male,$175.75,mastercard,National General Holdings Corp
630,vvouleshh@nifty.com,Male,$206.79,mastercard,Alliance National Municipal Income Fund Inc
631,moehmehi@nps.gov,Non-binary,$558.58,mastercard,Fifth Street Senior Floating Rate Corp.
632,erawhj@whitehouse.gov,Female,$207.40,mastercard,Helios and Matheson Analytics Inc
633,kbilleshk@1und1.de,Male,$284.96,mastercard,Camden National Corporation
634,eruddockhl@go.com,Female,$405.28,mastercard,ObsEva SA
635,croggerohm@wix.com,Male,$251.24,mastercard,Guggenheim Enhanced Equity Income Fund
636,ckortinghn@chron.com,Male,$750.54,mastercard,"Ollie's Bargain Outlet Holdings, Inc."
637,wthornberho@nationalgeographic.com,Non-binary,$501.01,mastercard,"America's Car-Mart, Inc."
638,bmoncurhp@psu.edu,Female,$708.20,mastercard,Park Sterling Corporation
639,jpearseyhq@amazon.de,Genderfluid,$936.75,mastercard,"Nike, Inc."
640,adeblasiishr@over-blog.com,Male,$33.70,mastercard,Legg Mason Emerging Markets Diversified Core ETF
641,mwylamhs@icio.us,Female,$409.74,mastercard,"Pacific Biosciences of California, Inc."
642,rmavenht@ebay.com,Male,$286.56,mastercard,ChinaCache International Holdings Ltd.
643,ajeayeshu@aboutads.info,Female,$716.04,mastercard,Extra Space Storage Inc
644,apowdrellhv@nba.com,Female,$944.18,mastercard,"Idera Pharmaceuticals, Inc."
645,pshovelinhw@ifeng.com,Male,$621.48,mastercard,"New Relic, Inc."
646,dtrosdallhx@shutterfly.com,Female,$139.27,mastercard,"FleetCor Technologies, Inc."
647,osinclairhy@blogspot.com,Polygender,$71.28,mastercard,"Twitter, Inc."
648,ialveshz@yahoo.co.jp,Female,$298.07,mastercard,The ExOne Company
649,jrentouli0@unicef.org,Male,$105.39,mastercard,"Edge Therapeutics, Inc."
650,shundyi1@redcross.org,Female,$320.40,mastercard,"Proteon Therapeutics, Inc."
651,amarcumi2@bloglovin.com,Female,$207.52,mastercard,"New York Community Bancorp, Inc."
652,rdefraini3@mlb.com,Female,$372.47,mastercard,Hilton Grand Vacations Inc.
653,wjouannini4@paypal.com,Male,$873.91,mastercard,"tronc, Inc."
654,hrymmeri5@cyberchimps.com,Male,$930.06,mastercard,Sun Hydraulics Corporation
655,sgrubbei6@china.com.cn,Male,$915.34,mastercard,Buenaventura Mining Company Inc.
656,tharsi7@issuu.com,Female,$345.95,mastercard,"GWG Holdings, Inc"
657,mhospitali8@yale.edu,Male,$187.49,mastercard,MER Telemanagement Solutions Ltd.
658,dbennetti9@youtube.com,Male,$711.13,mastercard,First Merchants Corporation
659,deamia@mozilla.org,Female,$183.24,mastercard,Fidelity Nasdaq Composite Index Tracking Stock
660,bderhamib@w3.org,Male,$959.93,mastercard,Snap-On Incorporated
661,clevaneic@illinois.edu,Genderfluid,$947.67,mastercard,"Financial Institutions, Inc."
662,jmerriottid@sciencedaily.com,Male,$416.25,mastercard,Blackrock California Municipal 2018 Term Trust
663,icoultardie@earthlink.net,Female,$628.30,mastercard,Natl Westminster Pfd
664,ccornierif@sitemeter.com,Male,$491.17,mastercard,Martin Midstream Partners L.P.
665,acrocketig@tripadvisor.com,Male,$173.41,mastercard,"Hawaiian Electric Industries, Inc."
666,jfrainih@cocolog-nifty.com,Female,$99.60,mastercard,RenaissanceRe Holdings Ltd.
667,mipsgraveii@google.nl,Female,$666.86,mastercard,"Health Insurance Innovations, Inc."
668,lkenanij@chron.com,Female,$100.59,mastercard,PowerShares DWA Technology Momenum Portfolio
669,mwyldboreik@uiuc.edu,Female,$911.61,mastercard,"World Wrestling Entertainment, Inc."
670,scoburnil@cbc.ca,Male,$781.03,mastercard,"Synthetic Fixed-Income Securities, Inc."
671,jgatcliffim@mail.ru,Male,$293.62,mastercard,"B. Riley Financial, Inc."
672,kwarnein@ask.com,Female,$779.62,mastercard,"QuinStreet, Inc."
673,oariasio@sfgate.com,Agender,$308.35,mastercard,"RE/MAX Holdings, Inc."
674,agabbattip@scribd.com,Male,$903.68,mastercard,Alliance National Municipal Income Fund Inc
675,lszymczykiq@blogs.com,Male,$64.94,mastercard,Burcon NutraScience Corp
676,tpawlickir@prweb.com,Male,$629.17,mastercard,Nuveen AMT-Free Quality Municipal Income Fund
677,jfirpois@domainmarket.com,Female,$837.69,mastercard,"American Airlines Group, Inc."
678,eravenit@constantcontact.com,Male,$465.67,mastercard,Transportadora De Gas Sa Ord B
679,tallixiu@cam.ac.uk,Genderfluid,$2.64,mastercard,Cabot Corporation
680,scarlessoiv@narod.ru,Female,$851.16,mastercard,Legacy Reserves LP
681,lhurrelliw@angelfire.com,Male,$480.95,mastercard,CECO Environmental Corp.
682,omcbrierix@mysql.com,Male,$440.20,mastercard,"Community Health Systems, Inc."
683,ccolicotiy@shareasale.com,Female,$374.75,mastercard,"MarineMax, Inc."
684,capplewhaiteiz@nbcnews.com,Male,$756.56,mastercard,"Telephone and Data Systems, Inc."
685,rkeelinj0@typepad.com,Female,$608.26,mastercard,California Water  Service Group Holding
686,amaciejakj1@cbslocal.com,Male,$287.45,mastercard,"Freightcar America, Inc."
687,mforcej2@google.nl,Female,$105.31,mastercard,Blackrock Global
688,qewdalej3@flavors.me,Female,$559.07,mastercard,"Luxoft Holding, Inc."
689,jguerrierij4@harvard.edu,Female,$400.98,mastercard,Canadian Pacific Railway Limited
690,drobersj5@admin.ch,Male,$498.65,mastercard,Pennsylvania Real Estate Investment Trust
691,chovelj6@cmu.edu,Female,$433.43,mastercard,"National Health Investors, Inc."
692,jmaytej7@edublogs.org,Female,$204.38,mastercard,DCT Industrial Trust Inc
693,saimablej8@foxnews.com,Female,$177.14,mastercard,Old National Bancorp
694,lchallenorj9@addthis.com,Female,$30.11,mastercard,Cars.com Inc.
695,adayerja@pen.io,Female,$27.41,mastercard,United Insurance Holdings Corp.
696,mlambournejb@sun.com,Female,$295.31,mastercard,"Coherent, Inc."
697,ddoughartyjc@mozilla.org,Genderfluid,$46.28,mastercard,iShares MSCI Europe Small-Cap ETF
698,bbirtleyjd@ucsd.edu,Male,$465.30,mastercard,"Monolithic Power Systems, Inc."
699,aramasje@toplist.cz,Female,$603.21,mastercard,Materion Corporation
700,eciraldojf@hexun.com,Female,$731.92,mastercard,"InnerWorkings, Inc."
701,cdemeyerjg@cnbc.com,Male,$894.09,mastercard,"Nelnet, Inc."
702,mlemasneyjh@blogtalkradio.com,Female,$318.24,mastercard,"Aquinox Pharmaceuticals, Inc."
703,chellardji@princeton.edu,Male,$775.24,mastercard,Cincinnati Bell Inc
704,lalflatjj@elpais.com,Male,$129.64,mastercard,"Cohen & Steers Global Income Builder, Inc."
705,dofogertyjk@digg.com,Male,$820.57,mastercard,ASML Holding N.V.
706,khindmorejl@blogger.com,Female,$613.55,mastercard,Hudbay Minerals Inc.
707,mtroyesjm@mashable.com,Male,$784.94,mastercard,Hersha Hospitality Trust
708,amillgatejn@irs.gov,Female,$437.62,mastercard,Blackstone GSO Senior Floating Rate Term Fund
709,mnayshejo@hc360.com,Female,$616.14,mastercard,CMS Energy Corporation
710,jmcgenisjp@ezinearticles.com,Male,$751.69,mastercard,"Acorn International, Inc."
711,bcorsorjq@globo.com,Female,$303.63,mastercard,Nuveen Short Duration Credit Opportunities Fund
712,bmallabonjr@domainmarket.com,Male,$458.24,mastercard,Arbutus Biopharma Corporation
713,jdavidgejs@exblog.jp,Non-binary,$174.26,mastercard,"Hawkins, Inc."
714,agiacobbojt@surveymonkey.com,Female,$890.06,mastercard,"UMH Properties, Inc."
715,relcomeju@opensource.org,Female,$805.25,mastercard,Ares Management L.P.
716,cbisacrejv@paginegialle.it,Female,$166.92,mastercard,"CVR Refining, LP"
717,jkleinbererjw@un.org,Female,$925.11,mastercard,KNOT Offshore Partners LP
718,tbarnshawjx@hubpages.com,Female,$760.75,mastercard,Comtech Telecommunications Corp.
719,ewardsjy@myspace.com,Male,$35.30,mastercard,Retail Opportunity Investments Corp.
720,cfrantzjz@jiathis.com,Female,$976.52,mastercard,Potbelly Corporation
721,dbeltk0@friendfeed.com,Male,$911.61,mastercard,"Camping World Holdings, Inc."
722,aruffk1@mlb.com,Female,$631.21,mastercard,Arcos Dorados Holdings Inc.
723,bwoolfootk2@tripod.com,Male,$335.71,mastercard,"Discovery Communications, Inc."
724,fcordonk3@hc360.com,Female,$26.03,mastercard,Cabot Microelectronics Corporation
725,lwayvillk4@jiathis.com,Female,$720.58,mastercard,"Papa Murphy's Holdings, Inc."
726,ckarpenkok5@mysql.com,Female,$455.48,mastercard,"North American Energy Partners, Inc."
727,dlucak6@xinhuanet.com,Male,$46.72,mastercard,Cameco Corporation
728,nantalffyk7@google.com.hk,Female,$453.65,mastercard,Reading International Inc
729,agilmank8@vkontakte.ru,Female,$330.70,mastercard,Stifel Financial Corporation
730,ckarpk9@nytimes.com,Male,$307.75,mastercard,"SI Financial Group, Inc."
731,pstainerka@vkontakte.ru,Female,$984.53,mastercard,Liberty Global plc
732,fpignykb@comcast.net,Female,$379.38,mastercard,Astoria Financial Corporation
733,efairbairnkc@discuz.net,Female,$3.01,mastercard,iShares Fallen Angels USD Bond ETF
734,skeerkd@apache.org,Male,$656.34,mastercard,"Validus Holdings, Ltd."
735,gaaronsohnke@google.cn,Female,$652.87,mastercard,Blackrock Enhanced Equity Dividend Trust
736,rhonnicottkf@mozilla.org,Male,$238.99,mastercard,LSI Industries Inc.
737,mespinheirakg@nba.com,Female,$201.59,mastercard,"Enova International, Inc."
738,naylwardkh@si.edu,Female,$153.89,mastercard,Tiffany & Co.
739,akeningleyki@mozilla.com,Agender,$733.97,mastercard,Flaherty & Crumrine Preferred Income Fund Incorporated
740,fmaunderkj@home.pl,Agender,$175.70,mastercard,Verizon Communications Inc.
741,rsemonkk@storify.com,Female,$241.66,mastercard,"Timberland Bancorp, Inc."
742,cplumerkl@disqus.com,Male,$115.90,mastercard,J P Morgan Chase & Co
743,kmalhamkm@webs.com,Female,$859.23,mastercard,Liberty Interactive Corporation
744,eblackneykn@businessinsider.com,Male,$3.69,mastercard,KKR & Co. L.P.
745,gwhitemanko@twitter.com,Agender,$841.92,mastercard,Myovant Sciences Ltd.
746,krichinkp@studiopress.com,Female,$596.91,mastercard,Gaming Partners International Corporation
747,cnorcuttkq@icio.us,Male,$37.82,mastercard,Koss Corporation
748,ideavenellkr@taobao.com,Polygender,$719.56,mastercard,"Redwood Trust, Inc."
749,smcevoyks@imgur.com,Non-binary,$164.99,mastercard,First Trust Strategic High Income Fund II
750,ftissingtonkt@fema.gov,Female,$840.63,mastercard,FIRST REPUBLIC BANK
751,rbiermatowiczku@cafepress.com,Male,$843.50,mastercard,Dynagas LNG Partners LP
752,wcatterallkv@unc.edu,Male,$876.37,mastercard,Vedanta  Limited
753,gallumkw@bbc.co.uk,Genderfluid,$680.68,mastercard,"Cracker Barrel Old Country Store, Inc."
754,bduthiekx@globo.com,Male,$418.30,mastercard,ABM Industries Incorporated
755,rsturrockky@wikimedia.org,Female,$742.38,mastercard,First Trust Dynamic Europe Equity Income Fund
756,tgrimsdithkz@bloglovin.com,Male,$496.02,mastercard,"Floor & Decor Holdings, Inc."
757,lelliotl0@baidu.com,Female,$961.58,mastercard,"Aerohive Networks, Inc."
758,wtigwelll1@issuu.com,Female,$338.46,mastercard,"CryoLife, Inc."
759,epappil2@woothemes.com,Polygender,$34.05,mastercard,Peoples Financial Corporation
760,meastbyl3@a8.net,Male,$276.77,mastercard,MSA Safety Incorporporated
761,ctrusselll4@shareasale.com,Male,$181.31,mastercard,"Kindred Healthcare, Inc."
762,hstensonl5@vimeo.com,Female,$248.72,mastercard,"Jones Energy, Inc."
763,srigmondl6@linkedin.com,Male,$899.33,mastercard,"Lakeland Industries, Inc."
764,crodgierl7@discovery.com,Female,$509.84,mastercard,First Trust Europe AlphaDEX Fund
765,gleteurtrel8@arizona.edu,Male,$339.95,mastercard,"Boston Properties, Inc."
766,nkiehll9@liveinternet.ru,Male,$94.25,mastercard,Woori Bank
767,nfidelusla@tinypic.com,Male,$816.57,mastercard,Kimco Realty Corporation
768,jbolmannlb@pbs.org,Female,$444.31,mastercard,Rosehill Resources Inc.
769,alackeyelc@vinaora.com,Male,$518.05,mastercard,CBS Corporation
770,atallisld@webs.com,Female,$802.89,mastercard,Teva Pharmaceutical Industries Limited
771,cforsydele@berkeley.edu,Male,$570.79,mastercard,CombiMatrix Corporation
772,torowanelf@jiathis.com,Female,$350.59,mastercard,"MAM Software Group, Inc."
773,mechellelg@ezinearticles.com,Male,$503.13,mastercard,"Banc of California, Inc."
774,gfrichleylh@shinystat.com,Male,$122.37,mastercard,Seadrill Limited
775,wwakeli@ucla.edu,Agender,$852.59,mastercard,Origo Acquisition Corporation
776,kphilpottlj@unc.edu,Female,$755.40,mastercard,PowerShares DWA NASDAQ Momentum Portfolio
777,gfairlk@rambler.ru,Male,$305.31,mastercard,Intellipharmaceutics International Inc.
778,tellardll@virginia.edu,Male,$384.86,mastercard,Carlisle Companies Incorporated
779,galtimaslm@jigsy.com,Female,$732.25,mastercard,Eaton Vance Municipal Income Trust
780,marpinoln@cdc.gov,Male,$156.64,mastercard,Patriot National Bancorp Inc.
781,kwillmettlo@wikia.com,Female,$91.26,mastercard,ProShares UltraPro Short NASDAQ Biotechnology
782,mharremalp@intel.com,Genderqueer,$885.61,mastercard,Gabelli Multi-Media Trust Inc. (The)
783,lmcnirlanlq@w3.org,Male,$796.94,mastercard,"ING Group, N.V."
784,gcicchitellolr@uol.com.br,Male,$667.56,mastercard,"AMERIPRISE FINANCIAL SERVICES, INC."
785,nheardmanls@cnbc.com,Male,$347.71,mastercard,Nuveen All Cap Energy MLP Opportunities Fund
786,kbraccolt@dagondesign.com,Female,$155.30,mastercard,Oritani Financial Corp.
787,ylympenielu@about.me,Male,$741.92,mastercard,Gabelli Utility Trust (The)
788,cjackslv@cyberchimps.com,Female,$897.06,mastercard,"The Dixie Group, Inc."
789,rgrunnilllw@bigcartel.com,Female,$471.21,mastercard,"Exelixis, Inc."
790,knassylx@skyrock.com,Female,$350.72,mastercard,Global X Health & Wellness Thematic ETF
791,hgoodburnly@youtu.be,Male,$508.20,mastercard,Nuveen Municipal 2021 Target Term Fund
792,anancarrowlz@ucoz.ru,Female,$114.36,mastercard,Addus HomeCare Corporation
793,srobiotm0@woothemes.com,Male,$222.49,mastercard,WisdomTree U.S. Quality Dividend Growth Fund
794,fpeytonm1@icio.us,Female,$751.81,mastercard,Great Elm Capital Corp.
795,eadrianim2@acquirethisname.com,Non-binary,$780.46,mastercard,Stone Energy Corporation
796,gprewerm3@ihg.com,Male,$700.94,mastercard,"First Bancorp, Inc (ME)"
797,mriglerm4@blogspot.com,Polygender,$684.90,mastercard,Capstone Turbine Corporation
798,rjoerningm5@blogspot.com,Male,$246.27,mastercard,Anworth Mortgage Asset  Corporation
799,hdexterm6@hao123.com,Male,$434.13,mastercard,Capital One Financial Corporation
800,mprandom7@cafepress.com,Male,$843.18,mastercard,First Trust Nasdaq Semiconductor ETF
801,gbullmanm8@macromedia.com,Male,$142.11,mastercard,"KMG Chemicals, Inc."
802,jevamym9@slideshare.net,Male,$594.21,mastercard,S&P Global Inc.
803,ijestema@ameblo.jp,Female,$368.24,mastercard,"Pixelworks, Inc."
804,mpouldenmb@odnoklassniki.ru,Female,$506.43,mastercard,ENDRA Life Sciences Inc.
805,gsabinemc@dot.gov,Male,$74.33,mastercard,Deutsch Bk Contingent Cap Tr V
806,abignellmd@dion.ne.jp,Female,$914.08,mastercard,"Summit Hotel Properties, Inc."
807,pmathwenme@de.vu,Female,$319.26,mastercard,"Kimball International, Inc."
808,cphilotmf@irs.gov,Female,$662.21,mastercard,Janus Henderson SG Global Quality Income ETF
809,bleclercqmg@huffingtonpost.com,Female,$473.32,mastercard,Liberty Media Corporation
810,ejoulmh@taobao.com,Female,$66.21,mastercard,Grupo Aval Acciones y Valores S.A.
811,dskippenmi@google.com,Female,$969.53,mastercard,"Triumph Bancorp, Inc."
812,ndeknevetmj@goodreads.com,Female,$687.28,mastercard,Invacare Corporation
813,lambermk@phoca.cz,Genderfluid,$656.25,mastercard,"DelMar Pharmaceuticals, Inc."
814,eharrillml@etsy.com,Male,$918.94,mastercard,BlackBerry Limited
815,gpigginmm@oakley.com,Male,$24.87,mastercard,Regulus Therapeutics Inc.
816,umathonmn@bluehost.com,Male,$847.80,mastercard,Semiconductor  Manufacturing International Corporation
817,imablymo@loc.gov,Male,$426.03,mastercard,Stone Energy Corporation
818,hspibymp@google.co.uk,Male,$99.37,mastercard,Nomad Foods Limited
819,bjeffelsmq@whitehouse.gov,Male,$958.64,mastercard,"WESCO International, Inc."
820,jwifemr@msu.edu,Male,$860.42,mastercard,National Retail Properties
821,khalpinms@upenn.edu,Female,$458.15,mastercard,"Papa Murphy's Holdings, Inc."
822,crosewallmt@microsoft.com,Female,$154.92,mastercard,Emclaire Financial Corp
823,rvanveldenmu@miibeian.gov.cn,Male,$177.68,mastercard,Nuveen Select Tax Free Income Portfolio
824,ijoddensmv@stumbleupon.com,Female,$163.09,mastercard,FedEx Corporation
825,mwindasmw@themeforest.net,Male,$237.43,mastercard,Innodata Inc.
826,cdufourmx@meetup.com,Female,$3.71,mastercard,Royal Bank Scotland plc (The)
827,bjoslingmy@odnoklassniki.ru,Male,$621.29,mastercard,Marathon Oil Corporation
828,lschoenrockmz@princeton.edu,Male,$719.72,mastercard,"Juniper Pharmaceuticals, Inc."
829,ldraytonn0@edublogs.org,Genderfluid,$120.55,mastercard,Putnam High Income Bond Fund
830,ipavyn1@shareasale.com,Female,$21.10,mastercard,Pimco Income Opportunity Fund
831,afennn2@bbc.co.uk,Male,$924.80,mastercard,Paylocity Holding Corporation
832,toflahertyn3@ifeng.com,Male,$402.87,mastercard,First Trust Low Duration Opportunities ETF
833,eorrisn4@about.me,Female,$575.00,mastercard,WisdomTree Emerging Markets Quality Dividend Growth Fund
834,cvendittin5@usnews.com,Male,$524.45,mastercard,Diodes Incorporated
835,kpapierzn6@webeden.co.uk,Male,$410.50,mastercard,First Trust Nasdaq Oil & Gas ETF
836,athunderchiefn7@timesonline.co.uk,Male,$849.62,mastercard,"Pinnacle Financial Partners, Inc."
837,rmcgeaghn8@ehow.com,Female,$560.49,mastercard,Pingtan Marine Enterprise Ltd.
838,xwaterhowsen9@hostgator.com,Female,$612.82,mastercard,PowerShares KBW High Dividend Yield Financial Portfolio
839,cpretorna@nhs.uk,Male,$273.64,mastercard,NASDAQ TEST STOCK
840,kpadefieldnb@ning.com,Male,$712.81,mastercard,Repligen Corporation
841,kwillinghamnc@prnewswire.com,Female,$490.44,mastercard,"Beacon Roofing Supply, Inc."
842,rpurvissnd@huffingtonpost.com,Female,$765.36,mastercard,"Bear State Financial, Inc."
843,dhenrichsne@friendfeed.com,Male,$627.93,mastercard,"Host Hotels & Resorts, Inc."
844,bevamynf@geocities.jp,Male,$127.16,mastercard,Avianca Holdings S.A.
845,hschwandng@nps.gov,Male,$855.52,mastercard,Cytosorbents Corporation
846,escorernh@springer.com,Female,$749.26,mastercard,"Reliv' International, Inc."
847,tbalbeckni@phpbb.com,Female,$803.65,mastercard,Hardinge Inc.
848,rhulkesnj@list-manage.com,Male,$552.17,mastercard,"support.com, Inc."
849,jbertelsennk@eepurl.com,Female,$156.55,mastercard,ContraFect Corporation
850,ddovinsonnl@scientificamerican.com,Female,$863.18,mastercard,"China Jo-Jo Drugstores, Inc."
851,wbraidonnm@ehow.com,Male,$575.73,mastercard,Brookdale Senior Living Inc.
852,mrizziellonn@hubpages.com,Female,$147.19,mastercard,American Homes 4 Rent
853,jtraylenno@independent.co.uk,Male,$404.60,mastercard,"Reinsurance Group of America, Incorporated"
854,ljillisnp@taobao.com,Male,$177.67,mastercard,"EnLink Midstream, LLC"
855,mmcorkillnq@mapquest.com,Female,$584.99,mastercard,"Union Bankshares, Inc."
856,cwestermannr@narod.ru,Female,$616.87,mastercard,"Catasys, Inc."
857,akauschkens@1und1.de,Agender,$955.70,mastercard,Westlake Chemical Partners LP
858,msellimannt@cbslocal.com,Female,$423.35,mastercard,"Summit Hotel Properties, Inc."
859,dbottnu@people.com.cn,Agender,$69.42,mastercard,iShares MSCI Europe Financials Sector Index Fund
860,aaronoffnv@dyndns.org,Female,$938.55,mastercard,First Trust BICK Index Fund
861,sknappennw@taobao.com,Female,$799.78,mastercard,"BofI Holding, Inc."
862,cpittnx@google.it,Male,$657.08,mastercard,"Fossil Group, Inc."
863,zbowndeny@jimdo.com,Female,$670.48,mastercard,Mobileye N.V.
864,bpratenz@mit.edu,Female,$190.59,mastercard,"athenahealth, Inc."
865,agrationo0@addtoany.com,Female,$260.53,mastercard,Garrison Capital Inc.
866,rbisseto1@sohu.com,Male,$544.72,mastercard,Nexvet Biopharma plc
867,lfarrantso2@hao123.com,Male,$61.91,mastercard,"Independence Contract Drilling, Inc."
868,otonbridgeo3@soundcloud.com,Male,$961.06,mastercard,"Popular, Inc."
869,fjonathono4@photobucket.com,Male,$387.48,mastercard,"Voyager Therapeutics, Inc."
870,lkennefordo5@themeforest.net,Male,$322.71,mastercard,"Cloudera, Inc."
871,wlowdhamo6@drupal.org,Male,$176.41,mastercard,ProQR Therapeutics N.V.
872,aeyckelbergo7@storify.com,Male,$654.54,mastercard,Geron Corporation
873,jsowthcoteo8@hugedomains.com,Male,$50.80,mastercard,"Chunghwa Telecom Co., Ltd."
874,dokellehero9@amazon.com,Male,$876.95,mastercard,"Fenix Parts, Inc."
875,bmcelreeoa@newyorker.com,Female,$82.90,mastercard,Gilat Satellite Networks Ltd.
876,mrickcordob@addtoany.com,Male,$259.35,mastercard,DCT Industrial Trust Inc
877,fwinscumoc@sciencedaily.com,Female,$489.06,mastercard,"Celestica, Inc."
878,escampionod@topsy.com,Female,$560.70,mastercard,Atossa Genetics Inc.
879,mhurdidgeoe@plala.or.jp,Female,$196.64,mastercard,"M I Acquisitions, Inc."
880,jcrucittiof@last.fm,Male,$862.37,mastercard,Invitation Homes Inc.
881,hiannelliog@ft.com,Male,$229.15,mastercard,"MoSys, Inc."
882,ahattiganoh@yelp.com,Male,$104.20,mastercard,"Pacira Pharmaceuticals, Inc."
883,gvannaroi@opensource.org,Male,$458.26,mastercard,Camden National Corporation
884,estoakesoj@bravesites.com,Female,$66.65,mastercard,Liberty Interactive Corporation
885,lwayok@addtoany.com,Female,$303.48,mastercard,General Dynamics Corporation
886,avideanol@google.com.au,Male,$698.14,mastercard,Glen Burnie Bancorp
887,bblightom@fastcompany.com,Female,$245.51,mastercard,Invesco Plc
888,ibertoton@aol.com,Female,$369.13,mastercard,Park-Ohio Holdings Corp.
889,astonelakeoo@yelp.com,Female,$929.33,mastercard,"United Natural Foods, Inc."
890,mkleinerop@gmpg.org,Genderfluid,$94.28,mastercard,"Intellia Therapeutics, Inc."
891,mbrooksbieoq@fema.gov,Female,$247.16,mastercard,Neptune Technologies & Bioresources Inc
892,bhargittor@fotki.com,Bigender,$517.08,mastercard,"ARCA biopharma, Inc."
893,dsmithermanos@fastcompany.com,Male,$111.41,mastercard,AllianzGI Diversified Income & Convertible Fund
894,lfortunot@auda.org.au,Male,$896.49,mastercard,"Sun Bancorp, Inc."
895,uparoniou@chron.com,Bigender,$0.19,mastercard,"Magyar Bancorp, Inc."
896,khoweyov@liveinternet.ru,Male,$120.55,mastercard,DTE Energy Company
897,dmartignoniow@quantcast.com,Female,$375.53,mastercard,"Natera, Inc."
898,lsondlandox@state.tx.us,Female,$250.97,mastercard,Annaly Capital Management Inc
899,kstallenoy@qq.com,Male,$889.41,mastercard,DAVIDsTEA Inc.
900,mwrangleoz@bbb.org,Male,$187.22,mastercard,Qualstar Corporation
901,bmcleanp0@tripod.com,Female,$6.97,mastercard,Teck Resources Ltd
902,ehurdisp1@spiegel.de,Male,$530.59,mastercard,Eagle Point Credit Company Inc.
903,jlightningp2@loc.gov,Female,$45.99,mastercard,"Aduro Biotech, Inc."
904,ccharkhamp3@icq.com,Male,$682.87,mastercard,"Zayo Group Holdings, Inc."
905,eblundelp4@netscape.com,Male,$278.97,mastercard,"SINOPEC Shangai Petrochemical Company, Ltd."
906,ppengellyp5@slate.com,Male,$347.58,mastercard,"Gabelli Convertible and Income Securities Fund, Inc. (The)"
907,mmingop6@ca.gov,Male,$463.39,mastercard,"ServiceMaster Global Holdings, Inc."
908,gloughanp7@springer.com,Female,$599.08,mastercard,"LightInTheBox Holding Co., Ltd."
909,clumbersp8@twitter.com,Female,$188.27,mastercard,Fortress Investment Group LLC
910,ehaldenp9@github.com,Male,$898.29,mastercard,"Schnitzer Steel Industries, Inc."
911,eenglishpa@ameblo.jp,Male,$403.31,mastercard,"LGI Homes, Inc."
912,ozanicchellipb@blog.com,Bigender,$646.06,mastercard,"Sinovac Biotech, Ltd."
913,gpatientpc@addtoany.com,Female,$92.78,mastercard,Trans World Entertainment Corp.
914,ptomkyspd@wordpress.org,Male,$215.71,mastercard,EPR Properties
915,ggommowepe@buzzfeed.com,Female,$513.24,mastercard,Nuveen Global High Income Fund
916,dwoolwaypf@accuweather.com,Female,$220.07,mastercard,Silver Run Acquisition Corporation II
917,lzoppiepg@alexa.com,Male,$778.57,mastercard,"Insteel Industries, Inc."
918,khuertasph@uol.com.br,Female,$987.08,mastercard,VWR Corporation
919,fwapplingtonpi@51.la,Male,$620.41,mastercard,Twilio Inc.
920,dboaterpj@sphinn.com,Male,$867.98,mastercard,AllianzGI Convertible & Income Fund
921,icarvellpk@liveinternet.ru,Female,$481.62,mastercard,"Assurant, Inc."
922,astrassepl@oaic.gov.au,Male,$751.03,mastercard,Gabelli NextShares Trust
923,knottrampm@blinklist.com,Female,$714.91,mastercard,The Charles Schwab Corporation
924,alendrempn@joomla.org,Male,$22.21,mastercard,"Swiss Helvetia Fund, Inc. (The)"
925,rblunsumpo@a8.net,Male,$337.07,mastercard,"Luby's, Inc."
926,bmanwaringpp@dot.gov,Female,$630.67,mastercard,Select Comfort Corporation
927,hlinceypq@xinhuanet.com,Male,$49.05,mastercard,Merus N.V.
928,abrasnerpr@smugmug.com,Male,$598.18,mastercard,"Insteel Industries, Inc."
929,gstichallps@gizmodo.com,Female,$537.16,mastercard,"Baldwin & Lyons, Inc."
930,omarrpt@wp.com,Male,$990.39,mastercard,Medovex Corp.
931,nstookpu@zimbio.com,Male,$344.25,mastercard,Pzena Investment Management Inc
932,hminardpv@wunderground.com,Female,$417.21,mastercard,"BofI Holding, Inc."
933,omillispw@nbcnews.com,Female,$897.72,mastercard,Winmark Corporation
934,hmattusevichpx@bandcamp.com,Female,$205.77,mastercard,Chesapeake Lodging Trust
935,kloudepy@lulu.com,Agender,$160.01,mastercard,"Dycom Industries, Inc."
936,amaclarenpz@hexun.com,Female,$272.56,mastercard,Gladstone Investment Corporation
937,npedrocchiq0@g.co,Male,$496.11,mastercard,"HarborOne Bancorp, Inc."
938,tpetraschq1@examiner.com,Female,$363.71,mastercard,Templeton Emerging Markets Fund
939,lagirreq2@netlog.com,Bigender,$918.32,mastercard,"Advaxis, Inc."
940,wfantoneq3@bigcartel.com,Female,$596.07,mastercard,JMU Limited
941,clezemereq4@bloomberg.com,Female,$685.96,mastercard,"Kimball Electronics, Inc."
942,ksuterq5@shutterfly.com,Female,$8.11,mastercard,"County Bancorp, Inc."
943,ffrenschq6@discovery.com,Female,$191.08,mastercard,Actua Corporation
944,abesqueq7@umich.edu,Female,$285.73,mastercard,"Nustar GP Holdings, LLC"
945,rrozetq8@virginia.edu,Male,$416.68,mastercard,Ball Corporation
946,wrulerq9@webs.com,Male,$988.80,mastercard,"Methode Electronics, Inc."
947,rkeelingqa@feedburner.com,Genderfluid,$22.34,mastercard,"Aratana Therapeutics, Inc."
948,sgrumellqb@github.com,Female,$972.70,mastercard,"RSP Permian, Inc."
949,gclawleyqc@twitter.com,Male,$634.43,mastercard,Sotheby's
950,ndulantyqd@mail.ru,Male,$831.88,mastercard,"CNO Financial Group, Inc."
951,kyveqe@shop-pro.jp,Female,$405.76,mastercard,"Foundation Building Materials, Inc."
952,dcorkellqf@hao123.com,Female,$114.80,mastercard,"PS Business Parks, Inc."
953,msaltqg@paginegialle.it,Female,$34.21,mastercard,Xcel Energy Inc.
954,madieqh@xing.com,Female,$431.06,mastercard,BankFinancial Corporation
955,lcallabyqi@bloglovin.com,Female,$646.48,mastercard,Gladstone Commercial Corporation
956,gtweedieqj@cbslocal.com,Male,$166.38,mastercard,WisdomTree U.S. Quality Dividend Growth Fund
957,ocherrieqk@amazon.co.jp,Male,$663.63,mastercard,"Alarm.com Holdings, Inc."
958,kdethloffql@privacy.gov.au,Female,$345.16,mastercard,"Regeneron Pharmaceuticals, Inc."
959,driochqm@jalbum.net,Female,$814.89,mastercard,Synovus Financial Corp.
960,lpericoqn@ft.com,Female,$108.28,mastercard,Anixter International Inc.
961,ghaldinqo@behance.net,Male,$134.93,mastercard,First Trust Low Beta Income ETF
962,vweblandqp@telegraph.co.uk,Female,$192.69,mastercard,"Blackrock MuniHoldings Fund, Inc."
963,edjekicqq@dot.gov,Female,$544.68,mastercard,"Colony NorthStar, Inc."
964,ameriottqr@mapy.cz,Female,$400.61,mastercard,"S&T Bancorp, Inc."
965,bfrancescottiqs@slideshare.net,Male,$565.99,mastercard,Lindblad Expeditions Holdings Inc. 
966,pcullenqt@thetimes.co.uk,Female,$959.70,mastercard,"Turkish Investment Fund, Inc. (The)"
967,aclaguequ@soup.io,Female,$971.11,mastercard,Brown Forman Corporation
968,rbabbidgeqv@acquirethisname.com,Male,$9.76,mastercard,"NxStage Medical, Inc."
969,tbeaconqw@t.co,Female,$241.49,mastercard,Stellar Acquisition III Inc.
970,emoultrieqx@globo.com,Female,$267.00,mastercard,Vanguard International Dividend Appreciation ETF
971,rbarnettqy@4shared.com,Female,$500.41,mastercard,"Associated Capital Group, Inc."
972,mfirmanqz@homestead.com,Female,$172.99,mastercard,"Rand Logistics, Inc."
973,jwilmanr0@last.fm,Female,$670.29,mastercard,Medigus Ltd.
974,iobreenr1@smh.com.au,Male,$538.01,mastercard,"Commerce Bancshares, Inc."
975,mquiltyr2@cyberchimps.com,Male,$675.01,mastercard,Acushnet Holdings Corp.
976,astoditr3@columbia.edu,Female,$51.68,mastercard,"Forrester Research, Inc."
977,gallbonr4@mozilla.org,Male,$185.66,mastercard,Franco-Nevada Corporation
978,rmegroffr5@unc.edu,Female,$429.76,mastercard,Swift Transportation Company
979,mamarr6@google.ru,Female,$62.41,mastercard,PowerShares Dividend Achievers Portfolio
980,mdaybellr7@va.gov,Male,$47.76,mastercard,Axis Capital Holdings Limited
981,mkillikr8@mysql.com,Male,$562.18,mastercard,Sears Canada Inc. 
982,lhouriganr9@usatoday.com,Female,$763.57,mastercard,Nuveen Select Tax Free Income Portfolio III
983,fosbornra@topsy.com,Female,$570.43,mastercard,Purefunds Solactive FinTech ETF
984,mpolorb@oakley.com,Male,$827.83,mastercard,"Stag Industrial, Inc."
985,cprozillorc@prnewswire.com,Female,$871.09,mastercard,First Trust NASDAQ Clean Edge Green Energy Index Fund
986,ereddingsrd@hubpages.com,Female,$358.38,mastercard,Western Union Company (The)
987,ntwiddyre@time.com,Male,$500.36,mastercard,Natural Resource Partners LP
988,ehernikrf@studiopress.com,Female,$302.54,mastercard,Ciena Corporation
989,gcasarolirg@163.com,Male,$474.86,mastercard,"Cloudera, Inc."
990,mmurielrh@phpbb.com,Female,$3.29,mastercard,"ARCA biopharma, Inc."
991,stimlinri@archive.org,Female,$865.45,mastercard,"Alarm.com Holdings, Inc."
992,cgrafomrj@abc.net.au,Male,$19.75,mastercard,Nuveen New York Municipal Value Fund 2
993,usalmonrk@fastcompany.com,Female,$867.89,mastercard,Ally Financial Inc.
994,vdanielssonrl@i2i.jp,Female,$342.38,mastercard,Envision Healthcare Corporation
995,rglendzarm@google.de,Genderfluid,$158.92,mastercard,"TerraForm Global, Inc."
996,bbuessenrn@bluehost.com,Female,$596.51,mastercard,"Keryx Biopharmaceuticals, Inc."
997,mincero@eepurl.com,Female,$356.02,mastercard,California Resources Corporation
998,dharlerrp@surveymonkey.com,Female,$17.56,mastercard,"Blackrock Enhanced Government Fund, Inc"
999,pfladerq@cornell.edu,Male,$615.29,mastercard,"Viking Therapeutics, Inc."
1000,pmewerr@columbia.edu,Male,$719.24,mastercard,"Digiliti Money Group, Inc."
