id,name,gender,ip_address,Valor
1,Corey Westpfel,Male,113.103.0.13,927.99
2,Aloysius Hurle,Bigender,206.43.60.209,305.92
3,Ines Bodiam,Female,69.172.221.168,175.4
4,Helga Antoniazzi,Female,210.43.66.170,305.8
5,Westley Rives,Male,3.166.143.45,40.58
6,Pollyanna Novill,Female,32.128.126.141,257.76
7,Orly Bevens,Female,10.227.201.211,13.9
8,Clarette Daft,Female,99.22.218.52,195.92
9,Augustin Sisnett,Male,54.157.198.141,572.06
10,George Hodinton,Male,116.241.150.202,490.84
11,Arlinda Sillito,Female,213.182.112.78,234.86
12,Rich Millson,Male,220.121.171.15,226.28
13,Ranique Lindro,Female,242.101.30.48,532.59
14,Marlow Richarson,Male,36.187.115.106,546.73
15,Tiffie Warlowe,Female,90.154.245.52,211.62
16,Mora Gradwell,Agender,139.219.128.122,827.78
17,Conn Karoly,Male,132.196.82.148,917.17
18,Leonore Burwin,Female,211.168.183.126,847.22
19,Carita Petronis,Female,237.84.31.189,571.16
20,Redd O'Hagan,Male,202.239.15.154,207.4
21,Jase Gilsthorpe,Male,211.17.61.26,357.37
22,Elfrieda Phillipson,Female,87.102.224.181,761.92
23,Chuck Swinglehurst,Male,33.154.6.194,107.25
24,Edlin Tyzack,Male,182.144.246.252,682.82
25,Kyle Keys,Female,188.188.80.187,664.9
26,Cesare Worrall,Male,98.121.145.123,414.48
27,Latrena Buesden,Female,134.81.142.116,197.0
28,Lek Lonsdale,Male,160.93.47.29,78.44
29,Kristoffer Sisland,Male,252.86.84.226,497.65
30,Gothart Marre,Genderfluid,46.38.240.209,863.85
31,Rodd Matthisson,Male,27.202.150.130,996.62
32,Pascal Durrance,Male,121.206.166.195,249.42
33,Rodney Mark,Male,35.166.184.174,388.33
34,Zenia MacWilliam,Female,130.75.190.135,997.95
35,Guthry Urwin,Male,7.252.211.120,887.49
36,Allin McKue,Bigender,234.197.162.158,959.73
37,Dot Fawloe,Genderqueer,177.31.161.14,560.87
38,Olive Hobell,Female,246.203.171.58,913.55
39,Staford Titford,Male,72.160.37.152,394.77
40,Wallache Dunning,Male,151.49.70.11,923.27
41,Shane Santus,Female,148.141.45.33,612.06
42,Inge O'Dogherty,Female,74.211.166.62,607.42
43,Lowrance Breitling,Male,0.9.112.87,894.89
44,Rhea Brandt,Female,122.142.217.89,304.28
45,Pyotr Pordal,Genderfluid,134.145.173.36,35.18
46,Kora Chaudrelle,Female,111.48.42.195,101.0
47,Milicent Rampton,Female,91.100.55.185,230.64
48,Inna Banane,Female,246.241.46.214,579.76
49,Killian Cossington,Male,72.131.172.114,635.38
50,Jolee Marcoolyn,Female,207.71.178.155,395.86
51,Bibby Fish,Female,130.215.207.116,86.71
52,Jarrod Lipprose,Male,227.184.15.59,45.64
53,Terrell Goodered,Male,28.114.145.213,170.64
54,Mycah Duesbury,Bigender,129.215.12.122,715.9
55,Joyous Budcock,Polygender,210.140.52.200,649.7
56,Armstrong Archibold,Male,123.250.140.164,841.85
57,Elvera Mariotte,Female,69.226.127.193,784.64
58,Nap Jorck,Male,215.95.9.163,939.41
59,Prisca Mathiasen,Female,209.93.113.53,631.45
60,Ad Josovich,Male,57.239.13.61,10.09
61,Ryon Dickerson,Male,40.143.52.59,893.42
62,Prisca Jeeves,Female,101.68.233.158,626.29
63,Frieda Wolfe,Female,130.178.39.186,69.13
64,Burke Alvin,Male,189.15.88.244,848.92
65,Zelda Bugdall,Female,46.41.15.75,546.56
66,Muffin Arkwright,Female,147.218.203.220,706.41
67,Griselda Mattheissen,Female,33.58.114.75,943.97
68,Major Durward,Male,185.118.244.118,112.69
69,Latashia Skipton,Female,130.221.222.124,391.15
70,Hattie Hann,Female,111.119.0.237,231.57
71,Osmund Scopyn,Male,77.95.64.131,196.09
72,Thadeus Cato,Male,155.187.35.207,207.29
73,Catha Fetterplace,Female,128.69.119.106,420.55
74,Geri Wolfit,Female,24.176.48.149,435.27
75,Janot Plaid,Female,190.250.58.203,505.58
76,Eugenie Filpi,Female,62.153.160.128,706.16
77,Brose Milroy,Male,38.242.89.238,338.61
78,Willyt Clethro,Female,213.125.32.178,608.56
79,James Matyas,Male,233.80.95.230,38.73
80,Christin Benion,Agender,35.30.226.241,191.03
81,Gerrilee Fisk,Female,123.233.197.192,553.39
82,Elisha Carabet,Bigender,136.105.3.156,568.35
83,Sumner Caselick,Male,100.232.12.234,123.73
84,Esma Ebdin,Bigender,191.58.189.225,47.31
85,Carolee Dymick,Non-binary,214.39.217.14,476.17
86,Rustie Twigge,Male,70.35.151.88,648.79
87,Neville Remer,Male,78.128.73.116,211.48
88,Hubie Lerven,Male,6.156.243.6,859.64
89,Alisun Hawkett,Female,176.195.254.192,123.13
90,Ingra Symcoxe,Male,54.178.61.116,142.77
91,Giuseppe Rozet,Male,69.220.110.182,578.42
92,Trudy Wetherill,Female,128.75.248.82,707.89
93,York Gueinn,Male,3.130.215.8,505.35
94,Webb Rickcord,Male,111.239.116.73,870.94
95,Phip Wellbelove,Male,102.161.252.20,192.11
96,Trevor Ellaman,Male,224.147.49.69,601.15
97,Nerita Yurenin,Female,89.118.99.240,309.55
98,Kristel Biers,Female,3.128.206.59,583.17
99,Florette Odegaard,Female,172.39.21.188,659.52
100,Ara Hartford,Female,183.144.98.2,567.54
101,Ronnica Pitford,Female,4.211.248.28,736.52
102,Stearn Penhaleurack,Male,5.196.240.152,648.38
103,Janel Petracci,Female,201.143.161.151,277.7
104,Noel Johanning,Male,200.95.13.185,531.31
105,Ignatius Koppen,Male,69.218.187.15,389.06
106,Judas MacMychem,Male,25.7.229.188,803.54
107,Cazzie Soigoux,Male,20.49.130.232,80.46
108,Fee Shirrell,Male,227.184.109.173,80.33
109,Beverly Origin,Female,66.98.131.202,924.85
110,Rora Merrigan,Female,217.164.222.16,945.6
111,Davie Van Bruggen,Male,181.53.9.56,996.55
112,Catherin Flello,Non-binary,239.157.157.244,442.64
113,Avrit Peasby,Female,239.77.156.247,957.68
114,Edwina Fourmy,Female,37.108.6.3,60.15
115,Joshua Mulhall,Male,77.67.214.56,582.17
116,Ulrica Sumshon,Female,60.11.77.254,899.96
117,Conan Brundill,Male,44.34.73.43,315.27
118,Dyna Liveley,Female,90.25.66.143,432.42
119,Adrien Estoile,Male,89.135.83.240,979.43
120,Gav Bichard,Male,72.141.36.229,819.69
121,Jobi Vaggs,Female,46.108.239.227,162.76
122,Seward Worledge,Bigender,120.241.170.92,561.87
123,Devland Ladewig,Male,179.97.78.239,722.74
124,Cobbie MacGiffin,Male,201.211.3.201,291.72
125,Garrard Sennett,Male,24.173.115.229,261.76
126,Wayne McGairl,Male,41.26.104.194,519.27
127,Burke Alp,Male,177.74.98.199,562.76
128,Ketti Howley,Female,167.199.147.230,511.77
129,Even Bolding,Male,205.97.180.148,253.68
130,Nathanael Fillary,Male,23.123.168.91,549.82
131,Weider Gabala,Male,196.198.156.179,140.19
132,Dunn Merryfield,Male,248.92.144.33,7.18
133,Briny Vankov,Non-binary,99.194.219.129,835.92
134,Garrott Jickles,Male,105.87.107.250,872.08
135,Zorah Wakley,Genderqueer,165.7.163.198,727.96
136,Gaspard Filshin,Male,125.206.99.158,667.97
137,Bibby Brigstock,Female,121.251.159.156,397.08
138,Angelica Amdohr,Female,243.122.125.191,245.49
139,Roman Mollnar,Male,103.253.26.181,86.68
140,Legra Abrehart,Agender,23.49.202.201,952.84
141,Eloisa Morford,Female,175.139.208.103,637.3
142,Adolph Whapple,Male,192.200.98.121,964.67
143,Christina Jenteau,Agender,217.211.212.175,320.95
144,Brendin Kubach,Male,74.30.56.57,732.76
145,Tanitansy Macellar,Polygender,236.176.24.125,975.17
146,See Nucci,Male,13.188.236.86,636.31
147,Humbert Dovey,Male,113.240.254.136,66.15
148,Charlton Facey,Male,14.163.121.176,181.26
149,Brooke Averay,Male,51.105.103.178,874.04
150,Chelsey Prestidge,Female,15.66.103.212,757.68
151,Clifford Neesam,Male,134.96.131.20,514.89
152,Siusan Wilding,Bigender,250.166.209.122,431.24
153,Dickie Sked,Polygender,244.65.252.43,484.44
154,Belva Robion,Female,104.143.194.203,253.0
155,Marius Checo,Male,143.7.92.109,542.62
156,Derrick Gravey,Male,164.201.85.156,881.88
157,Nickolas Lenin,Male,205.174.73.14,134.09
158,Ravi Halahan,Bigender,140.151.69.133,115.16
159,Toddie MacKeller,Male,175.176.5.15,146.19
160,Chick Splevings,Male,157.91.17.154,245.04
161,Susanna Tille,Female,249.180.92.215,817.76
162,Jilly Underdown,Female,31.14.91.62,535.07
163,Ira Eisak,Male,175.195.99.72,992.73
164,Sarette O'Dogherty,Female,42.90.255.41,919.85
165,Kerry Timlin,Male,42.210.129.240,223.12
166,Jedidiah Pennacci,Male,164.31.189.162,974.95
167,Rafaela Tuft,Female,254.82.175.193,388.08
168,Arel Philbin,Male,0.32.48.228,731.15
169,Alexandr McLeod,Male,141.157.131.91,637.02
170,Luz Cisar,Female,245.227.190.0,816.51
171,Claudio Coggins,Male,52.140.191.128,380.22
172,Riobard Wimbush,Male,6.152.61.149,954.34
173,Alexandros Sills,Male,81.195.138.255,998.67
174,Consalve Antos,Male,173.250.63.158,491.09
175,Blayne Stratley,Male,14.67.92.119,554.07
176,Frederik Marini,Male,157.35.77.58,310.5
177,Vere Gutridge,Female,74.99.36.3,187.69
178,Seth Brantzen,Male,98.154.45.190,656.56
179,Osmond Rauprich,Male,242.181.113.222,614.26
180,Evvy Dabney,Female,225.100.207.111,723.23
181,Phillipp Llewelly,Male,136.152.181.115,277.83
182,Bennie D'Ambrogio,Male,122.4.220.182,745.34
183,Kizzee Littlecote,Female,238.51.85.209,319.82
184,Allianora Biffin,Female,214.217.146.59,723.86
185,Elyse Dighton,Female,18.109.79.128,693.19
186,Vladamir Asquez,Male,176.116.234.79,803.79
187,Paddy Du Barry,Male,110.138.145.146,566.8
188,Gino Rann,Male,188.139.220.144,226.06
189,Sunny Looks,Female,36.137.208.99,136.98
190,Robbi Jacmard,Female,182.101.91.142,346.2
191,Kalil Georgot,Male,240.228.228.197,324.48
192,Bendix Hughlock,Male,92.209.207.142,582.48
193,Shep Agate,Male,76.173.52.74,777.58
194,Tam Pedwell,Male,96.121.139.155,476.96
195,Gizela Naismith,Polygender,54.42.246.5,803.31
196,Evangelia Breazeall,Female,69.44.98.0,497.49
197,Rooney Crampton,Male,115.70.42.157,66.25
198,Shelba Caw,Female,133.203.162.155,757.42
199,Rickie Londer,Male,15.17.136.184,913.61
200,Beulah Pauletti,Female,62.47.60.81,848.25
201,Ileana Dawks,Female,80.59.146.115,957.75
202,Deck Drinkhall,Male,238.226.102.184,248.94
203,Alford Ahrens,Male,16.115.77.48,198.47
204,Candace Pennaman,Female,77.162.174.92,433.97
205,Noemi Stonehouse,Female,118.168.71.237,560.2
206,Abelard Penvarne,Male,142.127.35.41,680.38
207,Darci Start,Female,230.17.231.32,644.8
208,Elmo Jevons,Male,90.173.77.252,549.03
209,Levon Dougary,Male,220.147.7.130,402.77
210,Elsie Doige,Bigender,206.190.19.151,688.79
211,Lin Forrestill,Male,23.239.96.90,219.06
212,Jeanie Amsberger,Female,57.171.115.205,12.49
213,Gilda Kestian,Female,66.222.251.240,756.25
214,Margarete Worland,Female,51.174.153.164,284.78
215,Turner Ughelli,Agender,40.40.86.95,426.92
216,Kelvin Van Dijk,Male,254.145.156.104,477.12
217,Worthy Dodman,Male,146.61.67.162,893.66
218,Allyson Salzen,Female,156.118.159.87,207.3
219,Calida Boake,Genderfluid,112.112.235.13,274.72
220,Nolan Aldhous,Male,88.218.0.40,653.23
221,Marleah Setterington,Female,99.135.81.130,24.59
222,Meridel Plaskett,Female,202.182.31.112,533.84
223,Arlana Portinari,Bigender,54.38.221.165,96.85
224,Joel Ainscow,Male,215.129.181.83,337.25
225,Agnella Franzewitch,Female,141.202.104.198,657.08
226,Lindsey Gillet,Female,69.248.70.39,534.19
227,Bette Nowill,Agender,69.107.161.103,183.98
228,Tracie Rebert,Female,105.216.240.207,772.08
229,Megen Hafner,Female,88.235.233.124,456.49
230,Gustavus Barensen,Male,88.35.245.210,852.31
231,Ninette Latchmore,Female,137.97.155.10,232.85
232,Elora Shires,Female,100.40.102.103,648.69
233,Alaric O'Scannill,Male,196.150.2.242,166.24
234,Lon MacCracken,Male,208.166.135.162,51.28
235,Flin Andresen,Male,113.24.64.175,107.59
236,Andre Gilfillan,Male,253.227.224.93,427.24
237,Dottie Cozins,Female,203.37.189.54,108.28
238,Kyle Haskayne,Genderqueer,165.18.216.21,665.24
239,Roxy Girvin,Female,184.161.145.27,228.45
240,Laurent Leban,Polygender,207.230.180.145,342.15
241,Marisa Spawforth,Female,154.198.115.75,355.9
242,Carilyn Matzel,Female,214.187.115.202,737.77
243,Heda Collicott,Female,125.101.47.246,802.99
244,Allis Strank,Female,84.216.213.184,873.22
245,Geri Pavlik,Female,150.166.22.71,315.93
246,Alwin Labrom,Male,46.144.75.198,959.12
247,Bax Banville,Male,0.11.240.58,74.32
248,Kaia Touzey,Female,191.83.127.103,27.43
249,Arni Clemmett,Male,4.102.30.152,419.57
250,Jasmina Biskup,Female,249.98.12.120,396.76
251,Jamey McClurg,Polygender,22.110.0.40,234.1
252,Alvan Hucke,Male,106.249.191.108,149.28
253,Jenny Emmer,Female,93.138.211.204,520.18
254,Hurleigh Triggle,Male,226.50.176.188,383.4
255,Ferrel Gratrix,Male,226.236.223.227,295.71
256,Garrek Niave,Male,61.5.27.95,193.47
257,Armin Obin,Non-binary,108.185.24.106,68.14
258,Dominic Fallows,Male,46.10.204.116,895.81
259,Jennica Aleswell,Female,185.3.253.201,986.07
260,Bryce Parvin,Male,85.126.100.163,811.48
261,Nissy Perllman,Female,124.60.59.8,97.68
262,Aeriel Mepham,Female,33.6.77.107,432.51
263,Elisabet Bigly,Female,159.5.26.103,361.33
264,Hermie Vader,Male,103.194.140.120,460.32
265,Ludovika Worgan,Female,40.185.91.103,756.57
266,Maurie Turbat,Genderqueer,114.250.83.160,630.62
267,Brock Rolance,Male,72.220.183.108,838.42
268,Edythe McKyrrelly,Female,207.66.72.198,820.49
269,Codie Everwin,Male,184.64.44.141,306.77
270,Federico Talby,Male,35.229.208.36,390.6
271,Feliks Barmadier,Male,94.146.10.25,735.21
272,Randa Kelemen,Female,143.156.50.250,249.69
273,Franky Wallice,Female,73.145.81.30,167.08
274,Bernette Vautin,Female,201.121.45.216,455.4
275,Willie Swadon,Male,108.207.166.103,351.2
276,Celene Serjeantson,Female,108.89.61.132,739.44
277,Jakob Gymlett,Male,251.105.1.205,360.95
278,Adara Harteley,Female,20.192.219.82,311.79
279,Lori Lowdwell,Female,170.127.115.130,323.64
280,Karalynn Sabate,Female,114.100.77.38,35.88
281,Dag Janicki,Male,115.249.166.110,358.3
282,Weston Creffield,Male,24.223.39.171,404.4
283,Alfie Bearcock,Female,124.87.146.121,39.83
284,Ingemar Lortzing,Male,154.45.156.73,793.6
285,Tye de Banke,Male,48.29.40.135,926.6
286,Zared Harness,Male,69.197.118.84,315.42
287,Eulalie Dowglass,Female,172.136.132.216,101.43
288,Wendall Leighfield,Male,107.91.214.10,338.49
289,Alexis Furminger,Female,84.233.119.77,857.37
290,Heath Landis,Female,45.42.36.244,80.81
291,Barny Blackley,Male,215.94.246.80,714.79
292,Garrot Newnham,Male,226.193.243.117,617.85
293,Horton Cranstoun,Bigender,249.40.7.31,790.33
294,Aliza Houlahan,Female,41.88.202.133,285.11
295,Pernell Chittem,Male,132.225.123.237,490.8
296,Forrester Forryan,Male,0.230.180.175,231.65
297,Gillan Filpo,Female,246.144.75.171,420.18
298,Dunn Bone,Male,152.126.155.188,606.95
299,Winfield Boggas,Bigender,3.96.42.152,576.52
300,Herc Constance,Male,146.227.235.171,401.56
301,Kelci Maharey,Female,54.222.147.253,297.57
302,Karim Bocking,Male,171.88.44.147,986.64
303,Iona Lesslie,Female,193.242.240.3,489.67
304,Morgun Renak,Male,112.118.59.207,704.67
305,Kennie Otter,Male,121.70.135.2,783.73
306,Mile Deluce,Male,31.179.46.17,679.16
307,Hayyim Kuschek,Male,124.195.96.43,78.54
308,Cary Warburton,Bigender,249.245.130.214,289.67
309,Blinny Bullimore,Female,208.89.119.57,779.56
310,Vikky Ayrs,Female,55.32.205.242,344.65
311,Fee Woolfenden,Male,130.51.172.1,738.85
312,Valeda Rotchell,Female,61.31.18.41,56.92
313,Owen Askin,Male,220.122.62.255,764.53
314,Rosemonde Stitch,Female,25.161.139.127,793.46
315,Jodie De Benedetti,Female,86.216.49.38,488.96
316,Ruttger Campbell,Male,161.158.170.19,933.47
317,Barbaraanne Meriguet,Bigender,161.204.89.137,415.32
318,Jackie Robardet,Male,175.222.1.6,667.39
319,Millard Tallach,Male,48.104.242.75,595.03
320,Catina Shipman,Female,80.183.99.98,582.37
321,Buffy Argontt,Female,166.245.242.68,840.24
322,Fulvia Corsar,Female,224.188.27.180,981.39
323,Alexandro Parnell,Genderqueer,11.21.168.229,761.54
324,Fianna Rugiero,Female,21.144.131.224,896.18
325,Tailor Selborne,Agender,154.34.249.163,913.28
326,Filia Pettendrich,Female,248.76.19.21,297.17
327,Elisabet Mangin,Female,167.249.192.190,871.28
328,Aila Freestone,Female,213.169.139.36,926.93
329,Ardra Findlater,Female,113.147.21.72,219.99
330,Brice Martignon,Male,31.74.169.161,301.82
331,Winnifred Waldram,Female,116.147.116.199,279.82
332,Glynis Gook,Female,179.87.148.210,464.28
333,Shirl McLarnon,Female,176.149.124.226,679.61
334,Perrine Muller,Female,153.164.131.242,879.45
335,Robbert Seacombe,Agender,178.246.25.132,263.29
336,Michaelina Twiddy,Female,149.68.87.137,896.74
337,Laurianne MacGraith,Female,57.42.2.193,590.0
338,Carlee Cristou,Female,162.225.87.107,843.34
339,Monro Culley,Polygender,128.115.228.218,10.85
340,Cathlene Kubek,Female,249.236.242.249,571.12
341,Perla Prahl,Female,108.214.56.109,577.04
342,Margarette Crennan,Female,225.225.69.91,671.67
343,Eduard Palfreyman,Male,18.160.200.8,23.53
344,Libby Longman,Female,65.231.126.7,348.27
345,Bryan Doxsey,Male,22.181.104.135,584.12
346,Broddy Mackleden,Non-binary,33.172.46.251,500.34
347,Claudie Crowthe,Female,152.82.168.172,96.89
348,Newton Westcott,Male,98.97.184.237,874.09
349,Shoshanna Attard,Female,124.156.223.66,125.25
350,Roger Sandaver,Male,64.76.14.127,858.12
351,Mackenzie McClosh,Male,171.172.134.63,676.69
352,Thom Kas,Male,14.92.176.162,415.07
353,Jared Bullant,Male,144.10.90.230,488.19
354,Willamina Halfhide,Female,36.236.102.126,59.91
355,Sofia Noah,Female,4.16.80.231,792.76
356,Huntington Eck,Polygender,10.243.98.33,668.54
357,Mart Teliga,Male,211.45.196.187,380.7
358,Curry Mitkov,Male,152.6.1.132,792.47
359,Farly De Dei,Male,66.119.16.161,207.96
360,Heath Pickrill,Male,126.124.16.216,920.71
361,Florentia Rouf,Female,131.183.199.219,549.51
362,Jasen Dable,Male,29.69.245.32,643.51
363,Eba Broxton,Female,2.217.244.15,280.68
364,Lydie Simond,Female,252.91.159.56,144.21
365,Caressa Robinett,Female,85.62.165.14,815.14
366,Amos Penas,Male,224.207.228.88,198.67
367,Colet Keyes,Male,182.182.22.175,39.34
368,Brittan Masson,Female,228.171.223.28,78.08
369,Eliot McKeurtan,Male,42.93.8.136,448.0
370,Iormina Ounsworth,Female,206.52.189.252,417.92
371,Dorree Jest,Female,134.56.115.42,190.17
372,Kati Lefever,Female,207.8.207.65,17.66
373,Rogers Whitten,Male,119.159.127.240,412.85
374,Rubin Guerreru,Male,49.100.103.7,603.77
375,Royce Farmery,Male,101.121.121.12,133.52
376,Judith Osgar,Polygender,168.36.207.193,909.08
377,Georgine Rushman,Genderfluid,50.108.185.180,543.41
378,La verne Aldwich,Female,9.243.10.134,68.06
379,Cher Greasty,Female,195.131.66.9,739.99
380,Onfre Yeardley,Male,69.81.16.170,485.15
381,Yul Bentick,Male,103.198.18.48,287.99
382,Viv Kelmere,Female,240.149.162.193,121.51
383,Sadella Thresh,Female,129.195.19.133,445.93
384,Ignace Shivell,Non-binary,170.79.84.159,522.58
385,Glory Impey,Female,57.247.62.186,588.59
386,Lorine McNysche,Female,172.44.40.241,190.24
387,Abdel Collingworth,Male,203.39.111.18,704.65
388,Evonne Twigge,Female,166.116.89.106,114.24
389,Job Sheere,Male,244.192.241.65,109.49
390,Nevil Snary,Male,54.130.197.31,151.48
391,Brandise Calken,Female,101.81.24.53,58.42
392,Camella Rembrant,Genderfluid,180.48.185.48,191.79
393,Ade Poveleye,Male,73.174.253.178,44.01
394,Freddie Opfer,Female,30.233.119.170,641.0
395,Keely Giamuzzo,Female,186.46.143.150,753.53
396,Van Comino,Non-binary,189.204.38.92,309.78
397,Homerus Feye,Male,219.229.110.40,314.37
398,Yolane Amps,Female,60.114.34.15,218.36
399,Keefe Lent,Male,128.141.235.149,204.26
400,Rozanne Spreckley,Female,179.4.75.184,672.59
401,Marleah Bigrigg,Female,252.81.87.4,245.93
402,Dal Mudge,Male,104.59.124.98,628.52
403,Estrellita Camoletto,Female,110.163.161.86,533.38
404,Darryl Zanini,Male,173.231.6.43,437.28
405,Bob Estoile,Male,129.61.96.37,963.62
406,Brockie De Freyne,Genderqueer,30.60.98.133,636.17
407,Amery Sheeres,Male,6.75.150.126,255.93
408,Allyce Cutress,Female,248.241.106.199,688.27
409,Christoph Dummigan,Male,42.67.65.45,203.51
410,Mureil Donativo,Female,118.201.250.52,758.62
411,Laurena Furney,Female,105.73.134.182,723.55
412,Steffen Cisson,Male,205.39.158.61,520.95
413,Delly Aisman,Female,18.213.169.215,832.87
414,Emilie Borlease,Female,254.171.162.168,209.66
415,Penelopa Blamey,Female,80.142.244.111,984.19
416,Crosby Yashanov,Male,18.249.129.113,86.94
417,Sibella Lindenstrauss,Agender,103.100.180.255,204.49
418,Kaia Hercock,Genderqueer,2.19.222.211,967.19
419,Roman Jacmar,Male,247.196.191.112,61.29
420,Janey Free,Female,158.160.213.26,691.33
421,Sheryl Archbutt,Female,158.38.39.216,462.51
422,Sheree Kiellor,Female,251.59.22.243,713.75
423,Jervis Conaghy,Male,14.242.126.207,653.1
424,Alexandro Jantot,Male,72.194.24.134,148.55
425,Boycie Muskett,Male,21.91.247.226,205.15
426,Gabi Nisby,Female,158.232.232.221,908.97
427,Ive Beuscher,Agender,179.230.146.213,179.53
428,Morgen Cheesman,Male,44.219.30.159,438.44
429,Axe Winfindine,Male,78.145.187.199,342.62
430,Glenna Reedy,Female,67.171.154.8,273.69
431,Ronny Kennion,Male,255.206.47.229,991.66
432,Kippar Penwell,Male,101.191.132.243,245.09
433,Inglis Boxe,Male,224.16.161.119,344.05
434,Harv Stealey,Male,10.252.15.122,42.05
435,Ralf Bloomfield,Male,132.74.27.245,809.1
436,Maxim Gianullo,Male,102.249.126.112,180.59
437,Rebbecca de Juares,Female,65.5.170.157,462.79
438,Benita Colman,Female,123.122.104.57,306.67
439,Cynde Clemenza,Female,35.13.120.15,71.06
440,Loralee Swalwel,Female,190.151.149.229,586.75
441,Leonid Dumberell,Male,107.204.183.78,149.78
442,Dawn Petyankin,Female,239.106.83.223,128.47
443,Bernadine Lillico,Female,117.122.1.37,561.89
444,Kelcie Wines,Female,47.227.69.27,783.41
445,Heloise McNeish,Female,246.106.52.99,549.17
446,Mei De Bischof,Female,111.90.117.186,542.33
447,Phillida Kleisle,Female,229.13.248.213,67.15
448,Cornie Poizer,Male,165.165.95.169,741.59
449,Antonie Rimell,Female,43.171.108.254,817.93
450,Lorianne Fellow,Female,177.246.209.172,442.17
451,Edvard Attfield,Male,38.79.49.230,153.63
452,Nealon Sotworth,Bigender,160.51.116.129,763.64
453,Conny Gorsse,Genderqueer,4.77.53.112,901.31
454,Miof mela Railton,Female,224.3.196.73,680.37
455,Clywd Turvie,Male,59.151.206.110,634.82
456,Clio Stepto,Female,72.185.149.81,527.49
457,Lonni Martinson,Female,132.190.104.206,549.08
458,Krissie Yvens,Female,196.158.157.215,620.47
459,Andrea Perelli,Male,83.195.187.112,575.59
460,Valene MacDirmid,Female,102.234.86.1,386.89
461,Bobbie Mossom,Bigender,216.112.197.194,235.53
462,Price Vickerman,Male,0.122.100.217,233.63
463,Madelena Geldeard,Female,167.62.85.94,454.7
464,Alaster Lehon,Male,32.28.34.158,80.62
465,Lorrin Goaley,Female,171.154.74.62,14.49
466,Rudolf Blackeby,Male,143.191.27.68,318.43
467,Gabriela Doncaster,Genderqueer,30.234.148.172,285.91
468,Lenci Murt,Genderqueer,152.225.230.76,680.86
469,Judy Timcke,Female,74.175.116.116,121.5
470,Felisha Popplestone,Female,155.221.190.20,606.61
471,Sasha Demke,Male,48.209.234.183,2.2
472,Aarika Mintram,Genderfluid,101.128.169.112,916.41
473,Dinnie Reddings,Female,63.86.205.75,710.79
474,Bert Jobin,Male,68.103.246.64,166.91
475,Lin Josskoviz,Female,26.253.128.195,968.24
476,Gustie Humby,Female,71.200.216.222,38.39
477,Cissy Dooman,Female,148.236.49.15,306.45
478,Tabby Neller,Male,127.44.53.121,597.84
479,Kipp Daoust,Bigender,234.252.131.23,596.32
480,Richard Haselhurst,Male,104.126.167.176,834.39
481,Spenser Ginie,Male,178.21.203.181,314.12
482,Sherry Roset,Female,125.60.222.189,88.23
483,Pierson Piggin,Male,243.4.170.197,624.87
484,Devin Gaynes,Female,193.10.254.25,702.82
485,Hector Gulberg,Male,169.140.225.214,962.86
486,Selene Jost,Female,159.250.40.167,207.49
487,Roselle Satchell,Female,35.66.188.143,773.04
488,Bobby Hagan,Male,1.120.74.31,570.16
489,Rhona Allery,Female,208.36.192.145,313.52
490,Chrissy Maine,Male,191.173.214.90,929.32
491,Jobi Malyon,Female,87.61.220.85,581.12
492,Lainey Salasar,Female,203.63.71.157,77.84
493,Kimble Gullberg,Male,15.12.10.138,813.59
494,Slade Lille,Male,64.85.158.122,381.25
495,Stesha Pacey,Female,229.144.66.153,971.45
496,Dougy MacIlraith,Male,35.152.111.9,245.57
497,Candy Penman,Agender,199.106.127.105,450.46
498,Claire Boddy,Male,150.241.47.26,629.12
499,Margalo Perkis,Female,91.29.251.247,632.34
500,Rip Keelinge,Male,172.198.196.58,334.76
501,Yul Craze,Male,53.171.119.77,321.99
502,Aldo Warlowe,Male,226.40.169.64,921.06
503,Corella Cradey,Female,43.193.247.95,425.72
504,Liuka Lautie,Female,70.165.103.86,801.54
505,Jimmy Renn,Male,215.181.73.153,843.25
506,Tamar Furmage,Female,255.182.140.125,425.36
507,Stanly Ramalhete,Male,1.245.227.217,310.39
508,Elle Blofeld,Female,167.248.106.1,374.78
509,Alix Fullstone,Male,47.173.108.63,298.75
510,Berna MacRedmond,Female,13.106.222.210,55.77
511,Jillene Waine,Female,190.158.12.64,805.4
512,Randolph Slad,Male,140.183.31.118,578.3
513,Dallis Lamden,Male,214.36.99.16,699.49
514,Bryana Curnnokk,Female,3.120.152.87,587.96
515,Kerianne Hyland,Female,3.157.167.231,298.72
516,Melody Peart,Female,82.173.195.239,879.22
517,Edwin Bus,Male,173.152.148.250,232.46
518,Irvine Eilert,Male,210.202.165.97,164.97
519,Katherina Tertre,Female,190.31.42.206,72.51
520,Alis Vittet,Female,56.152.209.5,132.97
521,Quillan Scough,Male,25.197.124.23,841.77
522,Bertie Davitti,Female,122.0.134.55,594.17
523,Siward Worts,Male,204.244.127.110,925.41
524,Hermon Morman,Male,210.153.187.94,474.33
525,Annabal Eldritt,Female,255.0.57.221,865.59
526,Taryn Scarlett,Female,170.123.64.119,372.32
527,Udall Denkin,Male,250.7.122.78,117.85
528,Alica Pickles,Female,232.252.184.56,170.85
529,Ernestine Hukin,Female,168.246.171.38,514.01
530,Aileen Howford,Genderqueer,177.159.118.24,660.67
531,Joann Rhead,Female,189.53.153.1,750.37
532,Jareb Matherson,Bigender,227.178.122.177,183.38
533,Marline Mazzeo,Female,112.101.247.23,387.45
534,Elene Sandeland,Female,10.70.100.126,1.26
535,Leif Striker,Male,16.236.50.159,154.52
536,Arda Lough,Female,199.247.246.241,469.77
537,Murielle Dabes,Female,2.46.70.20,263.24
538,Shep Huscroft,Male,110.203.235.103,232.59
539,Anallese Pavlishchev,Female,79.39.170.236,784.61
540,Marena Digle,Female,116.8.80.13,784.51
541,Giacopo Hardage,Male,149.215.122.50,546.14
542,Nichole Gaukrodge,Male,39.192.185.104,339.72
543,Cliff Kinlock,Male,29.26.94.209,84.01
544,Harry Spellward,Male,146.182.37.155,589.71
545,Babbette Reignard,Female,159.220.123.121,140.91
546,Flin O'Farris,Male,48.184.201.48,931.61
547,Lona Grieve,Female,61.232.85.169,658.41
548,Gawen Roff,Male,156.169.73.108,357.25
549,Jazmin Kilshaw,Female,57.38.188.229,723.23
550,Craig Chesman,Male,91.228.13.214,629.14
551,Janie Immings,Female,170.178.229.34,723.36
552,Miguel Senior,Male,177.241.3.106,375.34
553,Nert Wasbrough,Female,32.108.163.170,453.99
554,Weston Gloster,Male,165.176.81.128,899.73
555,Padraig Moreman,Male,171.71.154.26,270.95
556,Forester Charity,Male,225.249.170.190,221.81
557,Benn Wearing,Male,121.116.233.196,996.22
558,Ivette Cattrell,Female,229.203.201.127,726.37
559,Anne-marie Golledge,Bigender,15.221.149.134,610.74
560,Clevey Iozefovich,Male,116.160.115.49,748.71
561,Cybill Reihill,Female,85.32.135.79,670.9
562,Georgi Whenman,Male,162.6.23.153,948.44
563,Vivyan Shirer,Female,95.59.1.128,663.67
564,Matti Caroll,Female,182.60.58.210,541.21
565,Eal Dust,Male,69.93.181.107,202.31
566,Rogerio Cholerton,Agender,183.31.198.224,177.02
567,Bellina Abrahamian,Female,34.253.196.176,445.26
568,Archaimbaud Middiff,Male,243.230.212.139,274.14
569,Joanne Hurdis,Female,176.230.245.148,651.92
570,Sarah Crallan,Female,142.120.138.25,58.12
571,Billie Mc Caughan,Female,221.50.203.206,58.37
572,Roarke Skeleton,Male,46.230.203.110,282.58
573,Ingeborg Renackowna,Female,198.148.44.235,256.23
574,Elia Paradis,Male,126.158.149.32,323.62
575,Aggi Blagburn,Female,217.94.213.71,90.83
576,Evita Darley,Female,190.231.187.69,239.68
577,Tedman Janata,Male,250.16.238.37,530.34
578,Dulcie Manjot,Female,208.178.16.69,209.51
579,Brenna Lavers,Female,209.55.58.117,894.06
580,Hilliard Halsted,Male,7.199.29.107,572.5
581,Beaufort Vamplus,Male,157.253.117.105,716.98
582,Latrena Trebilcock,Female,146.158.22.203,563.77
583,Merline Kaygill,Female,122.120.19.179,242.85
584,Deck Isted,Male,240.198.233.198,373.84
585,Amerigo Colhoun,Male,110.118.16.225,444.56
586,Arlin Gayter,Male,232.232.247.120,856.15
587,Algernon Crystal,Male,4.77.69.139,839.41
588,Mattheus Beatens,Male,252.121.17.114,372.67
589,Bronny MacAlpine,Male,163.9.187.17,849.08
590,Hayden Lambe,Male,166.196.216.206,145.58
591,Hali Deluze,Genderfluid,12.17.66.213,630.27
592,Carmela Cramond,Female,64.89.102.154,944.42
593,Anet Lile,Female,2.139.153.213,833.12
594,Mel Peegrem,Genderfluid,172.89.68.214,972.11
595,Callean Liccardi,Male,90.190.169.38,643.92
596,Hobey Agglio,Male,77.57.220.64,926.78
597,Othella Webermann,Female,85.102.193.84,318.18
598,Tommie Emmatt,Male,113.149.249.67,18.92
599,Valentino Kordes,Male,17.156.200.232,234.58
600,Iago Gwin,Male,180.79.108.235,599.05
601,Noble Leynton,Male,75.0.64.7,485.33
602,Abramo Yanez,Male,125.148.35.218,544.19
603,Valentino Sennett,Male,228.166.189.251,907.55
604,Idell Bougourd,Female,124.4.151.251,278.89
605,Alec Gillmore,Male,6.72.39.29,754.61
606,Ozzie Gianasi,Male,241.128.17.173,820.39
607,Zechariah Pindell,Male,6.117.174.59,95.65
608,Tymon Clearley,Male,53.82.116.205,206.9
609,Codie Rowett,Male,242.203.234.231,755.12
610,Arabele Labrom,Female,106.252.248.94,370.31
611,Rochella Sommer,Female,124.195.12.112,369.52
612,Carly Hutchcraft,Male,96.132.147.34,585.22
613,Mathian Shutte,Male,82.161.50.79,14.57
614,Mab Biggans,Female,95.182.216.50,560.41
615,Don Lodin,Male,126.75.31.132,607.86
616,Joletta Izkoveski,Female,70.185.211.212,142.0
617,Vina Peart,Female,224.28.143.119,436.32
618,Sybyl Wetherick,Female,92.139.214.90,827.73
619,Dorris Belcham,Female,252.184.79.29,288.85
620,Lynnea Gulleford,Female,41.8.237.156,294.33
621,Dredi Buttner,Female,142.70.73.227,815.25
622,Grove Sweed,Male,221.52.88.186,978.62
623,Wenda Jayme,Female,56.40.146.157,121.14
624,Hedi Prozescky,Female,176.237.76.255,935.49
625,Janene Denerley,Female,87.6.53.105,671.18
626,Klarrisa Ghilks,Female,4.55.159.18,361.39
627,Vivian Gilfoy,Female,161.112.101.154,960.4
628,Anjela Burkitt,Female,128.76.80.139,572.27
629,Max Highton,Male,165.167.97.117,175.75
630,Verge Voules,Male,175.246.83.23,206.79
631,Marven Oehme,Non-binary,128.90.9.222,558.58
632,Eveleen Raw,Female,109.86.163.105,207.4
633,Kennan Billes,Male,175.186.163.87,284.96
634,Eveline Ruddock,Female,98.190.88.52,405.28
635,Culley Roggero,Male,81.102.99.121,251.24
636,Christy Korting,Male,80.203.174.227,750.54
637,Whitaker Thornber,Non-binary,226.67.25.229,501.01
638,Brit Moncur,Female,64.124.154.49,708.2
639,Juliane Pearsey,Genderfluid,1.148.78.124,936.75
640,Archibaldo De Blasiis,Male,63.187.47.113,33.7
641,Malissa Wylam,Female,77.127.13.93,409.74
642,Rudiger Maven,Male,42.98.106.61,286.56
643,Anastassia Jeayes,Female,47.235.103.69,716.04
644,Anna-diane Powdrell,Female,43.51.23.238,944.18
645,Pietrek Shovelin,Male,195.184.173.24,621.48
646,Dacy Trosdall,Female,255.34.70.155,139.27
647,Obed Sinclair,Polygender,189.70.240.167,71.28
648,Imojean Alves,Female,253.32.220.223,298.07
649,Johannes Rentoul,Male,143.250.187.44,105.39
650,Sadie Hundy,Female,156.164.214.81,320.4
651,Amelia Marcum,Female,78.116.153.57,207.52
652,Ree Defrain,Female,79.237.81.228,372.47
653,Waldo Jouannin,Male,226.233.156.247,873.91
654,Hayden Rymmer,Male,245.201.46.164,930.06
655,Siffre Grubbe,Male,133.7.175.105,915.34
656,Tierney Hars,Female,14.202.138.189,345.95
657,Manny Hospital,Male,239.166.247.31,187.49
658,Donal Bennett,Male,216.19.73.156,711.13
659,Delinda Eam,Female,128.138.117.193,183.24
660,Bondie Derham,Male,179.9.39.81,959.93
661,Chrysa Levane,Genderfluid,239.92.196.131,947.67
662,Jocko Merriott,Male,2.111.44.183,416.25
663,Idalina Coultard,Female,127.0.114.19,628.3
664,Cooper Cornier,Male,183.203.17.181,491.17
665,Artur Crocket,Male,144.216.232.62,173.41
666,Jennica Frain,Female,41.247.111.188,99.6
667,Maurene Ipsgrave,Female,71.87.30.64,666.86
668,Lainey Kenan,Female,198.230.60.119,100.59
669,Marga Wyldbore,Female,137.2.202.24,911.61
670,Sherlocke Coburn,Male,118.10.130.60,781.03
671,Jesus Gatcliff,Male,14.10.235.53,293.62
672,Kerstin Warne,Female,244.151.204.103,779.62
673,Olympia Arias,Agender,128.31.200.190,308.35
674,Adrien Gabbatt,Male,143.70.220.99,903.68
675,Lorry Szymczyk,Male,9.121.101.71,64.94
676,Tallie Pawlick,Male,163.155.230.191,629.17
677,Janis Firpo,Female,61.202.200.85,837.69
678,Eldin Raven,Male,234.22.94.178,465.67
679,Thom Allix,Genderfluid,237.2.224.185,2.64
680,Shara Carlesso,Female,112.165.108.58,851.16
681,Lennie Hurrell,Male,53.44.146.157,480.95
682,Orlando McBrier,Male,53.201.95.61,440.2
683,Cassi Colicot,Female,76.152.33.195,374.75
684,Clyve Applewhaite,Male,107.44.137.56,756.56
685,Rheta Keelin,Female,180.73.223.83,608.26
686,Antoine Maciejak,Male,8.184.112.153,287.45
687,Michaeline Force,Female,130.144.27.235,105.31
688,Queenie Ewdale,Female,88.74.233.182,559.07
689,Jemmie Guerrieri,Female,217.135.0.254,400.98
690,Dennis Robers,Male,251.123.22.6,498.65
691,Carleen Hovel,Female,81.24.173.7,433.43
692,Jeana Mayte,Female,242.181.57.242,204.38
693,Shina Aimable,Female,56.156.196.115,177.14
694,Lynnelle Challenor,Female,43.209.108.165,30.11
695,Allene Dayer,Female,10.254.191.248,27.41
696,Merola Lambourne,Female,98.135.3.226,295.31
697,Duane Dougharty,Genderfluid,117.193.14.131,46.28
698,Birch Birtley,Male,88.25.12.245,465.3
699,Alina Ramas,Female,249.133.1.166,603.21
700,Elisa Ciraldo,Female,28.252.122.30,731.92
701,Cordy De Meyer,Male,222.148.239.17,894.09
702,Martina Lemasney,Female,70.239.204.156,318.24
703,Cassie Hellard,Male,162.41.41.27,775.24
704,Liam Alflat,Male,61.191.236.47,129.64
705,Doy O'Fogerty,Male,6.214.130.236,820.57
706,Karin Hindmore,Female,91.23.27.206,613.55
707,Maddie Troyes,Male,78.204.38.10,784.94
708,Ardine Millgate,Female,157.87.145.63,437.62
709,Melisandra Nayshe,Female,119.126.192.78,616.14
710,Jefferson McGenis,Male,54.89.61.224,751.69
711,Brinna Corsor,Female,78.97.72.155,303.63
712,Brig Mallabon,Male,195.142.32.73,458.24
713,Jaymee Davidge,Non-binary,169.226.5.108,174.26
714,Ame Giacobbo,Female,132.184.237.241,890.06
715,Rona Elcome,Female,246.92.51.32,805.25
716,Clari Bisacre,Female,32.53.88.128,166.92
717,Jennee Kleinberer,Female,160.234.135.43,925.11
718,Theo Barnshaw,Female,154.94.44.77,760.75
719,Ernesto Wards,Male,64.81.41.35,35.3
720,Collen Frantz,Female,63.221.121.130,976.52
721,Dare Belt,Male,238.144.99.133,911.61
722,April Ruff,Female,2.114.88.229,631.21
723,Benny Woolfoot,Male,90.130.144.230,335.71
724,Faythe Cordon,Female,18.50.49.75,26.03
725,Lurline Wayvill,Female,217.139.51.206,720.58
726,Chelsie Karpenko,Female,1.129.142.62,455.48
727,Dal Luca,Male,100.39.118.7,46.72
728,Nanice Antalffy,Female,164.62.62.97,453.65
729,Angil Gilman,Female,157.27.93.23,330.7
730,Chet Karp,Male,78.16.48.14,307.75
731,Priscilla Stainer,Female,147.67.121.189,984.53
732,Frederica Pigny,Female,185.1.13.164,379.38
733,Evvie Fairbairn,Female,64.9.239.6,3.01
734,Siegfried Keer,Male,141.101.152.255,656.34
735,Guendolen Aaronsohn,Female,14.138.227.239,652.87
736,Rudyard Honnicott,Male,234.103.155.177,238.99
737,Miguela Espinheira,Female,51.24.227.221,201.59
738,Nissie Aylward,Female,220.28.6.89,153.89
739,Ashien Keningley,Agender,175.127.53.245,733.97
740,Fredric Maunder,Agender,198.122.227.34,175.7
741,Randa Semon,Female,102.116.160.241,241.66
742,Cointon Plumer,Male,41.74.245.50,115.9
743,Kaia Malham,Female,146.126.14.9,859.23
744,Evyn Blackney,Male,252.81.31.102,3.69
745,Gayleen Whiteman,Agender,21.40.253.201,841.92
746,Kassi Richin,Female,106.243.238.245,596.91
747,Casar Norcutt,Male,97.38.28.117,37.82
748,Ivan De Avenell,Polygender,214.168.238.150,719.56
749,Shane McEvoy,Non-binary,219.176.61.114,164.99
750,Ferdinande Tissington,Female,127.145.29.238,840.63
751,Russell Biermatowicz,Male,97.210.142.38,843.5
752,Wilden Catterall,Male,115.102.232.97,876.37
753,Glenna Allum,Genderfluid,9.167.251.29,680.68
754,Bealle Duthie,Male,14.19.186.233,418.3
755,Romona Sturrock,Female,229.44.205.44,742.38
756,Torey Grimsdith,Male,171.112.27.175,496.02
757,Ladonna Elliot,Female,94.152.202.0,961.58
758,Wilhelmine Tigwell,Female,229.214.162.14,338.46
759,Evelyn Pappi,Polygender,151.20.50.240,34.05
760,Murdock Eastby,Male,72.124.39.159,276.77
761,Chance Trussell,Male,221.156.223.161,181.31
762,Hailee Stenson,Female,27.103.20.7,248.72
763,Salomo Rigmond,Male,32.241.164.226,899.33
764,Coreen Rodgier,Female,113.21.221.204,509.84
765,Geno Leteurtre,Male,174.110.21.225,339.95
766,Nikolai Kiehl,Male,204.108.33.29,94.25
767,Nikolos Fidelus,Male,68.124.47.48,816.57
768,Jillayne Bolmann,Female,205.200.237.247,444.31
769,Alonzo Lackeye,Male,142.214.65.33,518.05
770,Anabal Tallis,Female,71.34.20.0,802.89
771,Courtnay Forsyde,Male,31.72.194.47,570.79
772,Trula O'Rowane,Female,85.15.7.195,350.59
773,Man Echelle,Male,121.63.223.111,503.13
774,Guthrie Frichley,Male,53.172.23.20,122.37
775,Wye Wake,Agender,188.21.154.212,852.59
776,Katuscha Philpott,Female,5.120.29.184,755.4
777,Gaylord Fair,Male,177.2.21.214,305.31
778,Trace Ellard,Male,243.51.229.147,384.86
779,Germain Altimas,Female,162.124.214.125,732.25
780,Mill Arpino,Male,67.4.32.180,156.64
781,Konstance Willmett,Female,194.245.121.212,91.26
782,Moises Harrema,Genderqueer,102.160.38.117,885.61
783,Lorens McNirlan,Male,2.16.11.182,796.94
784,Gib Cicchitello,Male,96.109.81.247,667.56
785,Norry Heardman,Male,237.49.46.59,347.71
786,Kori Bracco,Female,14.14.92.204,155.3
787,Yves Lympenie,Male,86.131.112.89,741.92
788,Corabella Jacks,Female,206.52.204.0,897.06
789,Ranice Grunnill,Female,225.130.127.17,471.21
790,Kore Nassy,Female,52.152.144.177,350.72
791,Hans Goodburn,Male,122.44.55.239,508.2
792,Annmarie Nancarrow,Female,136.73.185.12,114.36
793,Saxon Robiot,Male,11.117.119.220,222.49
794,Fancy Peyton,Female,8.246.158.78,751.81
795,Emery Adriani,Non-binary,70.91.68.70,780.46
796,Gibb Prewer,Male,11.126.111.0,700.94
797,Mikey Rigler,Polygender,217.59.244.158,684.9
798,Ripley Joerning,Male,129.62.95.2,246.27
799,Hobie Dexter,Male,91.155.251.204,434.13
800,Marve Prando,Male,166.13.130.11,843.18
801,Giulio Bullman,Male,95.229.38.58,142.11
802,Jameson Evamy,Male,146.156.10.233,594.21
803,Ianthe Jeste,Female,158.100.221.186,368.24
804,Mavis Poulden,Female,47.205.12.193,506.43
805,Gregorio Sabine,Male,136.113.251.43,74.33
806,Annemarie Bignell,Female,222.78.95.162,914.08
807,Pepita Mathwen,Female,110.215.170.176,319.26
808,Cathleen Philot,Female,59.37.170.178,662.21
809,Belita Le Clercq,Female,75.195.128.37,473.32
810,Esther Joul,Female,221.45.169.127,66.21
811,Dode Skippen,Female,46.231.204.219,969.53
812,Nicolle deKnevet,Female,130.70.79.15,687.28
813,Lamont Amber,Genderfluid,131.0.39.18,656.25
814,Ezri Harrill,Male,112.199.138.85,918.94
815,Garret Piggin,Male,9.25.63.133,24.87
816,Udell Mathon,Male,128.44.107.114,847.8
817,Immanuel Mably,Male,192.28.200.88,426.03
818,Harper Spiby,Male,49.190.131.94,99.37
819,Bink Jeffels,Male,76.24.190.13,958.64
820,Jory Wife,Male,92.0.220.158,860.42
821,Kipp Halpin,Female,90.240.44.105,458.15
822,Christian Rosewall,Female,119.51.236.201,154.92
823,Rutter Van Velden,Male,21.41.98.186,177.68
824,Inge Joddens,Female,241.206.44.26,163.09
825,Marlowe Windas,Male,26.118.233.141,237.43
826,Corette Dufour,Female,201.87.211.211,3.71
827,Benedict Josling,Male,236.21.105.212,621.29
828,Leicester Schoenrock,Male,52.98.88.20,719.72
829,Lazarus Drayton,Genderfluid,5.239.83.55,120.55
830,Ingaborg Pavy,Female,170.3.198.35,21.1
831,Amble Fenn,Male,194.142.124.68,924.8
832,Trstram O'Flaherty,Male,81.154.124.152,402.87
833,Eyde Orris,Female,180.120.44.64,575.0
834,Casey Venditti,Male,242.18.142.69,524.45
835,Keir Papierz,Male,206.226.119.200,410.5
836,Aube Thunderchief,Male,27.141.96.76,849.62
837,Rosalynd McGeagh,Female,212.43.2.125,560.49
838,Xena Waterhowse,Female,234.95.192.169,612.82
839,Clyde Pretor,Male,55.83.203.113,273.64
840,Kliment Padefield,Male,120.180.100.201,712.81
841,Karee Willingham,Female,101.142.185.139,490.44
842,Roze Purviss,Female,183.202.92.208,765.36
843,Dorey Henrichs,Male,123.59.110.224,627.93
844,Bartolomeo Evamy,Male,196.14.237.100,127.16
845,Hamel Schwand,Male,230.166.18.112,855.52
846,Eva Scorer,Female,213.136.124.54,749.26
847,Tasia Balbeck,Female,173.223.5.12,803.65
848,Ralph Hulkes,Male,49.177.18.54,552.17
849,Joyann Bertelsen,Female,186.71.45.157,156.55
850,Dede Dovinson,Female,76.40.158.62,863.18
851,Wallache Braidon,Male,251.90.168.39,575.73
852,Mabel Rizziello,Female,101.206.163.144,147.19
853,Jerald Traylen,Male,222.81.192.33,404.6
854,Lief Jillis,Male,146.160.91.179,177.67
855,Morissa McOrkill,Female,164.164.215.11,584.99
856,Clem Westerman,Female,32.61.108.255,616.87
857,Ambros Kauschke,Agender,160.187.169.31,955.7
858,Mariya Selliman,Female,230.175.167.92,423.35
859,Denver Bott,Agender,218.217.253.198,69.42
860,Audy Aronoff,Female,196.10.0.172,938.55
861,Seana Knappen,Female,229.194.101.17,799.78
862,Chrotoem Pitt,Male,190.30.165.196,657.08
863,Zorina Bownde,Female,160.191.63.33,670.48
864,Binni Prate,Female,29.163.46.24,190.59
865,Amabelle Gration,Female,177.62.157.18,260.53
866,Rafael Bisset,Male,191.198.193.106,544.72
867,Leopold Farrants,Male,78.37.24.91,61.91
868,Onofredo Tonbridge,Male,74.203.83.160,961.06
869,Fleming Jonathon,Male,60.145.55.34,387.48
870,Leonardo Kenneford,Male,206.36.73.218,322.71
871,Wilden Lowdham,Male,115.221.93.85,176.41
872,Aloin Eyckelberg,Male,85.5.220.34,654.54
873,Jaime Sowthcote,Male,3.183.75.35,50.8
874,Damian O' Kelleher,Male,220.132.48.106,876.95
875,Berenice McElree,Female,119.86.184.53,82.9
876,Maje Rickcord,Male,39.76.181.117,259.35
877,Francisca Winscum,Female,11.82.75.59,489.06
878,Elie Scampion,Female,187.176.69.5,560.7
879,Milena Hurdidge,Female,41.181.65.209,196.64
880,Jakie Crucitti,Male,175.44.184.161,862.37
881,Heindrick Iannelli,Male,199.36.219.182,229.15
882,Araldo Hattigan,Male,192.24.140.124,104.2
883,Gordan Vannar,Male,13.160.73.19,458.26
884,Eugine Stoakes,Female,132.94.221.225,66.65
885,Lydia Way,Female,182.84.180.128,303.48
886,Angel Videan,Male,78.130.136.129,698.14
887,Berny Blight,Female,233.55.60.68,245.51
888,Ingunna Bertot,Female,195.115.45.89,369.13
889,Ana Stonelake,Female,123.71.39.205,929.33
890,Malina Kleiner,Genderfluid,197.105.50.40,94.28
891,Modesty Brooksbie,Female,241.107.3.209,247.16
892,Beilul Hargitt,Bigender,10.5.145.90,517.08
893,Delbert Smitherman,Male,4.194.89.13,111.41
894,Lind Fortun,Male,156.192.99.34,896.49
895,Ursa Paroni,Bigender,116.194.227.60,0.19
896,Kennie Howey,Male,68.55.165.5,120.55
897,Delora Martignoni,Female,17.220.116.22,375.53
898,Lotti Sondland,Female,124.88.153.176,250.97
899,Kelsey Stallen,Male,24.12.60.129,889.41
900,Michal Wrangle,Male,64.230.156.141,187.22
901,Brinna McLean,Female,239.198.234.74,6.97
902,Ellswerth Hurdis,Male,166.29.250.56,530.59
903,Jaymee Lightning,Female,218.96.190.12,45.99
904,Cass Charkham,Male,108.17.71.89,682.87
905,Eli Blundel,Male,79.44.65.69,278.97
906,Patrice Pengelly,Male,27.113.101.12,347.58
907,Mano Mingo,Male,4.140.239.218,463.39
908,Gnni Loughan,Female,66.19.231.7,599.08
909,Carey Lumbers,Female,36.186.65.70,188.27
910,Emmery Halden,Male,96.155.112.168,898.29
911,Enrique English,Male,151.170.153.191,403.31
912,Orv Zanicchelli,Bigender,207.64.81.49,646.06
913,Gwyn Patient,Female,121.33.75.24,92.78
914,Pippo Tomkys,Male,100.116.237.39,215.71
915,Gertruda Gommowe,Female,53.84.43.60,513.24
916,Daisi Woolway,Female,194.135.185.157,220.07
917,Ludvig Zoppie,Male,248.57.93.223,778.57
918,Kirsteni Huertas,Female,112.41.53.60,987.08
919,Fabiano Wapplington,Male,95.107.252.22,620.41
920,Daren Boater,Male,146.38.5.237,867.98
921,Ilysa Carvell,Female,224.13.33.195,481.62
922,Ade Strasse,Male,194.45.138.19,751.03
923,Klarika Nottram,Female,149.223.126.76,714.91
924,Arne Lendrem,Male,146.207.121.195,22.21
925,Raffaello Blunsum,Male,227.109.57.167,337.07
926,Bettina Manwaring,Female,186.121.15.117,630.67
927,Haven Lincey,Male,113.164.27.227,49.05
928,Arnuad Brasner,Male,202.36.202.183,598.18
929,Gabbie Stichall,Female,40.42.223.136,537.16
930,Otto Marr,Male,31.177.244.209,990.39
931,Neddy Stook,Male,227.143.1.136,344.25
932,Harrie Minard,Female,36.214.141.243,417.21
933,Odele Millis,Female,225.42.120.119,897.72
934,Henrietta Mattusevich,Female,125.192.3.171,205.77
935,Karl Loude,Agender,120.158.148.179,160.01
936,Anne-marie MacLaren,Female,14.214.60.142,272.56
937,Nilson Pedrocchi,Male,54.123.156.202,496.11
938,Talyah Petrasch,Female,78.27.5.58,363.71
939,Linet Agirre,Bigender,139.147.246.175,918.32
940,Willamina Fantone,Female,178.202.28.106,596.07
941,Concordia Lezemere,Female,110.185.185.50,685.96
942,Kai Suter,Female,168.78.154.187,8.11
943,Flora Frensch,Female,131.213.128.244,191.08
944,Ange Besque,Female,186.28.213.71,285.73
945,Riobard Rozet,Male,37.12.158.220,416.68
946,Wilden Ruler,Male,42.44.28.217,988.8
947,Robbyn Keeling,Genderfluid,46.165.139.31,22.34
948,Sydney Grumell,Female,206.46.173.133,972.7
949,Geordie Clawley,Male,14.36.13.66,634.43
950,Nickola Dulanty,Male,146.39.228.237,831.88
951,Kitti Yve,Female,119.25.37.159,405.76
952,Datha Corkell,Female,1.16.181.114,114.8
953,Marie-jeanne Salt,Female,113.114.235.176,34.21
954,Myrtle Adie,Female,255.236.67.221,431.06
955,Leyla Callaby,Female,26.86.152.27,646.48
956,Gill Tweedie,Male,238.225.31.219,166.38
957,Orion Cherrie,Male,100.172.184.245,663.63
958,Kakalina Dethloff,Female,131.33.250.78,345.16
959,Daisey Rioch,Female,153.12.145.242,814.89
960,Lynea Perico,Female,101.88.141.223,108.28
961,Georgy Haldin,Male,42.179.191.148,134.93
962,Vanya Webland,Female,32.168.231.33,192.69
963,Elane Djekic,Female,4.183.102.59,544.68
964,Ardisj Meriott,Female,227.100.228.62,400.61
965,Baillie Francescotti,Male,63.197.205.19,565.99
966,Pippy Cullen,Female,234.88.113.110,959.7
967,Andrei Clague,Female,219.68.187.139,971.11
968,Raphael Babbidge,Male,43.162.229.80,9.76
969,Tanhya Beacon,Female,127.61.18.238,241.49
970,Elysia Moultrie,Female,163.83.69.165,267.0
971,Roana Barnett,Female,48.93.177.60,500.41
972,Marthe Firman,Female,82.48.202.74,172.99
973,Jacquenette Wilman,Female,222.38.191.42,670.29
974,Iorgo O'Breen,Male,104.52.98.224,538.01
975,Major Quilty,Male,22.254.175.45,675.01
976,Amalee Stodit,Female,216.203.255.219,51.68
977,Gilbert Allbon,Male,126.94.48.159,185.66
978,Roxanna Megroff,Female,204.133.10.174,429.76
979,Mead Amar,Female,26.193.211.84,62.41
980,Myron Daybell,Male,169.231.5.230,47.76
981,Mathian Killik,Male,137.253.69.22,562.18
982,Lucinda Hourigan,Female,200.164.62.223,763.57
983,Faina Osborn,Female,195.242.24.146,570.43
984,Mohammed Polo,Male,80.134.161.58,827.83
985,Corie Prozillo,Female,223.158.227.179,871.09
986,Eyde Reddings,Female,129.199.174.122,358.38
987,Nathanial Twiddy,Male,223.175.126.44,500.36
988,Emili Hernik,Female,201.43.38.65,302.54
989,Gregorius Casaroli,Male,136.236.114.47,474.86
990,Madelon Muriel,Female,151.73.211.236,3.29
991,Sandie Timlin,Female,186.136.103.77,865.45
992,Christiano Grafom,Male,131.1.7.227,19.75
993,Uta Salmon,Female,42.186.12.111,867.89
994,Vinita Danielsson,Female,247.62.165.146,342.38
995,Rivy Glendza,Genderfluid,100.235.121.13,158.92
996,Britte Buessen,Female,229.46.37.81,596.51
997,Madelle Ince,Female,38.122.153.245,356.02
998,Dyna Harler,Female,74.94.158.41,17.56
999,Paquito Flade,Male,30.188.16.143,615.29
1000,Percy Mewe,Male,156.102.91.174,719.24
